NomeBanco,CodInst,AnoMes,DataRef,Ano,Trimestre,AnoTri,"Ajuste a Valor Justo e Ajuste de Hedge de Valor Justo de Aplicações Interfinanceiras de Liquidez 
(a3)","Ajuste a Valor Justo e Ajuste de Hedge de Valor Justo de Operações de Crédito 
(c3)","Ajuste a Valor Justo e Ajuste de Hedge de Valor Justo de TVM 
(b3)","Ajuste de Hedge de Valor Justo de Captações 
(g3)","Ajuste de Variação Cambial de Aplicações Interfinanceiras de Liquidez 
(a2)","Ajuste de Variação Cambial de Captações 
(g2)","Ajuste de Variação Cambial de Operações de Crédito 
(c2)","Ajuste de Variação Cambial de TVM 
(b2)",Ativo Total,"Despesa de Juros com Captações 
(g1)","Despesas Administrativas 
(d4)","Despesas Administrativas 
(p)","Despesas Tributárias 
(d5)","Despesas Tributárias 
(s)","Despesas de Captação 
(b1)","Despesas de Captações 
(g)","Despesas de Instrumentos de Dívida Elegíveis a Capital 
(h)","Despesas de Intermediação Financeira 
(b) = (b1) + (b2) + (b3) + (b4) + (b5)","Despesas de Juros Sobre Capital Próprio de Cooperativas 
(r)","Despesas de Obrigações por Empréstimos e Repasses 
(b2)","Despesas de Operações de Arrendamento Mercantil 
(b3)","Despesas de Pessoal 
(d3)","Despesas de Pessoal 
(o)","Imposto de Renda e Contribuição Social 
(h)","Imposto de Renda e Contribuição Social 
(y)","Juros Sobre Capital Social de Cooperativas 
(k)","Lucro Líquido 
(aa) = (x) + (y) + (z)","Lucro Líquido 
(j) = (g) + (h) + (i)","Outras Despesas 
(v)","Outras Despesas Operacionais 
(d8)","Outras Receitas 
(u)","Outras Receitas / Despesas 
(w)= (m) + (n) + (o) +  (p) + (q) + (r) + (s) + (t) + (u) + (v)","Outras Receitas Operacionais 
(d7)","Outras Receitas/Despesas  Operacionais 
(d) = (d1) + (d2) + (d3) + (d4) + (d5) + (d6) + (d7) + (d8)","Outras Rendas de Prestação de Serviços 
(n)","Outros Resultados com Transações de Pagamento 
(l3)","Outros Resultados de Captações 
(g4)","Outros Resultados de Intermediação Financeira 
(j)","Outros Resultados de Operações de Crédito 
(c4)","Outros Resultados de TVM 
(b4)","Participação nos Lucros 
(i)","Participações no Lucro 
(z)","Receita de Juros com Aplicações Interfinanceiras de Liquidez 
(a1)","Receita de Juros com Operações de Crédito 
(c1)","Receita de Juros com TVM 
(b1)","Receitas de Intermediação Financeira 
(a) = (a1) + (a2) + (a3) + (a4) + (a5) + (a6)","Rendas de Aplicações Compulsórias 
(a6)","Rendas de Aplicações Interfinanceiras de Liquidez 
(a)","Rendas de Arrendamento Financeiro 
(d)","Rendas de Operações com Instrumentos Financeiros Derivativos 
(a4)","Rendas de Operações com TVM 
(a3)","Rendas de Operações de Arrendamento Mercantil 
(a2)","Rendas de Operações de Crédito 
(a1)","Rendas de Operações de Crédito 
(c)","Rendas de Outras Operações com Características de Concessão de Crédito 
(e)","Rendas de Prestação de Serviços 
(d1)","Rendas de Tarifas Bancárias 
(d2)","Rendas de Tarifas Bancárias 
(m)","Rendas de Títulos e Valores Mobiliários 
(b)","Resultado Não Operacional 
(f)","Resultado Operacional 
(e) = (c) + (d)","Resultado antes da Tributação e Participações 
(x) = (k) + (l) + (w)","Resultado antes da Tributação, Lucro e Participação 
(g) = (e) + (f)","Resultado com Derivativos 
(i)","Resultado com Perda Esperada 
(f)","Resultado com Perda Esperada de Aplicações Interfinanceiras de Liquidez 
(f1)","Resultado com Perda Esperada de Arrendamento 
(f4)","Resultado com Perda Esperada de Operações de Crédito 
(f3)","Resultado com Perda Esperada de Outras Operações com Características de Concessão de Crédito
(f5)","Resultado com Perda Esperada de Outros Ativos Geradores de Renda 
(f6)","Resultado com Perda Esperada de TVM 
(f2)","Resultado com Perdas Esperadas de Outras Operações 
(q)","Resultado com Serviços por Transações de Pagamento 
(l1)","Resultado com Transações de Pagamento 
(l)","Resultado de Intermediação Financeira 
(c) = (a) + (b)","Resultado de Intermediação Financeira 
(k) = (a) + (b) + (c) + (d) + (e) + (f) + (g) + (h) + (i) + (j)","Resultado de Operações de Câmbio 
(a5)","Resultado de Operações de Câmbio 
(b4)","Resultado de Participações 
(d6)","Resultado de Participações 
(t)","Resultado de Provisão para Créditos de Difícil Liquidação 
(b5)","Resultados de Perda Esperada com Transações de Pagamento 
(l2)"
Banco Daycoval,62232889,201903,2019-03-01,2019,1,2019Q1,,,,,,,,,,,-128415822.23,,-32288347.69,,-285575605.12,,,-442221672.23,,-22308430.74,0.0,-82458284.93,,-89870008.87,,0.0,,215637993.91,,-72393200.5,,,97937552.66,-133193826.19,,,,,,,-19662961.77,,,,,900646485.83,0.0,,,-41516771.73,116362608.17,0.0,782907098.62,,,15948313.57,27095255.13,,,-60022.8600000003,325230987.41,,325170964.55,,,,,,,,,,,,458424813.6,,42893550.77,0.0,41380707.8,,-134337636.37,
Banco Daycoval,62232889,201906,2019-06-01,2019,2,2019Q2,,,,,,,,,,,-259872440.76,,-66762637.79,,-609835218.42,,,-953005768.33,,-20452473.88,0.0,-172034131.26,,-155233408.31,,0.0,,378747578.31,,-148175406.89,,,228331018.42,-266800083.85,,,,,,,-40196119.93,,,,,1790553951.19,0.0,,,-86405301.51,237988999.51,0.0,1556618817.74,,,31129794.74,58645824.95,,,3429007.54,570748099.01,,574177106.55,,,,,,,,,,,,837548182.86,,82351435.45,0.0,61937894.74,,-322718076.03,
Banco Daycoval,62232889,201909,2019-09-01,2019,3,2019Q3,,,,,,,,,,,-156826730.8,,-38077684.71,,-325187700.49,,,-457924493.72,,-100255670.21,0.0,-95417563.39,,-120733795.56,,0.0,,268316155.44,,-68269139.54,,,119163760.66,-147869911.23,,,,,,,-26142753.15,,,,,1022778145.67,0.0,,,2898461.03,121769258.14,0.0,826593462.09,,,20184754.06,33019464.11,,,-1791036.57,416983740.72,,415192704.15,,,,,,,,,,,,564853651.95,,71516964.41,0.0,38353228.38,,-32481123.02,
Banco Daycoval,62232889,201912,2019-12-01,2019,4,2019Q4,,,,,,,,,,,-327521435.11,,-78305159.98,,-595658785.85,,,-766943616.36,,-54547254.85,0.0,-192918620.98,,-116277049.11,,0.0,,641497906.51,,-121271046.99,,,280925848.58,-295218167.61,,,,,,,-57056589.0,,,,,1880356732.11,0.0,,,-108837159.06,204014696.99,0.0,1662916255.78,,,42545108.41,67805555.56,,,-3363403.52,818194948.14,,814831544.62,,,,,,,,,,,,1113413115.75,,122262938.4,0.0,33521582.9,,-116737575.66,
Banco Daycoval,62232889,202003,2020-03-01,2020,1,2020Q1,,,,,,,,,,,-153473977.97,,-45538857.38,,-739390348.3,,,-1775699809.75,,-829730135.75,0.0,-101365761.51,,-202147610.97,,0.0,,395879803.93,,-54717918.9,,,136060619.29,-44633644.1999999,,,,,,,-28469877.56,,,,,2449270426.77,0.0,,,1295621062.24,127084289.49,0.0,971398189.23,,,27440509.68,31512069.52,,,-2439680.36,628936972.82,,626497292.46,,,,,,,,,,,,673570617.02,,55166885.81,0.0,115449673.07,,-206579325.7,
Banco Daycoval,62232889,202006,2020-06-01,2020,2,2020Q2,,,,,,,,,,,-259327352.58,,-81270195.07,,-1075132471.66,,,-2431577327.07,,-1053250580.3,0.0,-203829415.05,,-349724260.69,,0.0,,655063022.26,,-107606590.57,,,257862141.11,-145419539.22,,,,,,,-55923995.11,,,,,3643503949.93,0.0,,,1554981364.63,211306751.99,0.0,1826304790.03,,,49945452.6,48705230.9,,,-5795805.58,1066507083.64,,1060711278.06,,,,,,,,,,,,1211926622.86,,50911043.28,0.0,150101189.44,,-303194275.11,
Banco Daycoval,62232889,202009,2020-09-01,2020,3,2020Q3,,,,,,,,,,,-132433168.86,,-44690018.29,,-308291887.23,,,-722568980.49,,-225926747.84,0.0,-110288196.23,,-172499247.69,,0.0,,288151745.67,,-184125446.33,,,85571425.7,-297853439.39,,,,,,,-29464583.13,,,,,1497905205.57,0.0,,,299086452.23,73324823.8300004,0.0,948795467.2,,,27570274.52,31395408.39,,,12632790.8,477482785.69,,490115576.49,,,,,,,,,,,,775336225.08,,176698462.31,0.0,29146281.71,,-188350345.42,
Banco Daycoval,62232889,202012,2020-12-01,2020,4,2020Q4,,,,,,,,,,,-313601140.45,,-92857742.16,,-337696776.34,,,-713845853.11,,-6694150.62,0.0,-226257276.83,,-295436972.05,,0.0,,527552580.22,,-262705485.55,,,277280754.23,-454042067.25,,,,,,,-78906315.11,,,,,2056611903.26,0.0,,,-325314224.04,118639197.19,0.0,1967023366.97,,,58036822.61,64157947.13,,,13171884.48,888723982.9,,901895867.38,,,,,,,,,,,,1342766050.15,,296263563.14,0.0,41904053.77,,-369454926.15,
Banco Daycoval,62232889,202103,2021-03-01,2021,1,2021Q1,,,,,,,,,,,-147978901.33,,-49652367.58,,-419830778.92,,,-959540605.02,,-410500094.19,0.0,-118581271.1,,-321342336.4,,0.0,,436693017.0,,-35340442.9,,,119279025.93,-139713453.96,,,,,,,-37196732.54,,,,,1894839154.41,0.0,,,754210135.01,66174476.3699999,0.0,1074454543.03,,,31981397.88,24804366.83,,,-353009.489999999,795585095.43,,795232085.94,,,,,,,,,,,,935298549.39,,0.0,-30501016.19,35774738.31,,-98708715.72,
Banco Daycoval,62232889,202106,2021-06-01,2021,2,2021Q2,,,,,,,,,,,-341814034.28,,-97154420.55,,-494903419.4,,,-754883175.62,,-7351354.19,0.0,-246652702.62,,-540833369.26,,0.0,,733337877.73,,-88246840.14,,,688773397.68,63287464.3700001,,,,,,,-74101334.04,,,,,2024790799.12,0.0,,,-404816660.42,169002133.53,0.0,2127986718.87,,,66456611.98,54351638.76,,,15077493.16,1333195087.87,,1348272581.03,,,,,,,,,,,,1269907623.5,,132618607.14,0.0,27573813.54,,-252628402.03,
Banco Daycoval,62232889,202109,2021-09-01,2021,3,2021Q3,,,,,,,,,,,-195902501.72,,-51499877.88,,-685558932.86,,,-1458526305.38,,-640661508.96,0.0,-139283010.43,,-148543497.13,,0.0,,334716604.249999,,-43849736.75,,,178138470.62,-133120462.09,,,,,,,-40682427.8,,,,,2114778132.26,0.0,,,723668488.82,180336624.519999,0.0,1180108009.23,,,40485675.62,33515925.86,,,811164.39,523131364.789999,,523942529.179999,,,,,,,,,,,,656251826.879999,,30665009.69,0.0,45274592.59,,-132305863.56,
Banco Daycoval,62232889,202112,2021-12-01,2021,4,2021Q4,,,,,,,,,,,-442666710.62,,-103339297.58,,-1442602433.08,,,-2488965784.74,,-859691515.64,0.0,-283611829.07,,-377394427.09,,0.0,,680860634.32,,-95106727.67,,,448513309.22,-240625061.97,,,,,,,-88998587.54,,,,,3876350278.99,1236003.93,,,909165710.73,454184891.56,0.0,2421637816.99,,,78323463.24,72590272.23,,,494216.67,1146759432.28,,1147253648.95,,,,,,,,,,,,1387384494.25,,90125855.78,0.0,84672458.28,,-186671836.02,
Banco Daycoval,62232889,202203,2022-03-01,2022,1,2022Q1,,,,,,,,,,,-209128616.09,,-47454047.05,,-936677568.98,,,-1048722101.92,,-4804808.78,0.0,-156611898.97,,-105052323.46,,0.0,,196134407.62,,-180669548.81,,,1856386900.01,1348223614.63,,,,,,,-50388902.85,,,,,45928029.0300002,5466681.99,,,-1855699926.38,423105498.470001,0.0,1182045868.38,,,44089692.73,44583889.31,,,6146092.19,345429541.74,,351575633.93,,,,,,,,,,,,-1002794072.89,,291009906.57,0.0,-2972756.5,,-107239724.16,
Banco Daycoval,62232889,202206,2022-06-01,2022,2,2022Q2,,,,,,,,,,,-449991760.46,,-98389762.83,,-2081725783.4,,,-2353932927.33,,-11841997.38,0.0,-314625651.13,,-211765473.29,,0.0,,468068274.980001,,-207672571.81,,,1372394805.72,528282914.88,,,,,,,-100858874.49,,,,,2599654840.87,7236014.09,,,-1298809512.1,954563140.889999,0.0,2581470328.76,,,84195888.89,93307347.51,,,6687794.34,774004828.420001,,780692622.760001,,,,,,,,,,,,245721913.54,,355194869.23,0.0,49064618.99,,-260365146.55,
Banco Daycoval,62232889,202209,2022-09-01,2022,3,2022Q3,,,,,,,,,,,-250704196.81,,-52258905.99,,-1354463796.0,,,-1756877004.69,,-277206713.96,0.0,-169534926.63,,-104473477.09,,0.0,,256832715.96,,-91510272.83,,,412438854.45,-11876326.1500001,,,,,,,-54208122.22,,,,,2185057914.42,7264301.35,,,-62699647.1000001,622370409.92,0.0,1496670923.07,,,50054304.96,46279245.34,,,-790268.31,416304583.58,,415514315.27,,,,,,,,,,,,428180909.73,,121451927.18,0.0,43359571.36,,-125206494.73,
Banco Daycoval,62232889,202212,2022-12-01,2022,4,2022Q4,,,,,,,,,,,-545173109.71,,-119044877.05,,-2686211110.57,,,-3358496412.64,,-252321916.06,0.0,-346248513.08,,-254405645.19,,0.0,,634858294.599999,,-192582741.45,,,995196113.68,71353702.0899997,,,,,,,-98169052.69,,,,,4278502288.55,14719163.66,,,-211153818.27,1225148132.25,0.0,3049038087.55,,,104486091.15,98194843.75,,,-3926585.52,991359577.999999,,987432992.479999,,,,,,,,,,,,920005875.909999,,200750723.36,0.0,76525894.8,,-419963386.01,
Banco Daycoval,62232889,202303,2023-03-01,2023,1,2023Q1,,,,,,,,,,,-263884779.94,,-54669838.81,,-1439890241.53,,,-1689444191.8,,-12541874.75,0.0,-176490147.19,,-61538989.86,,0.0,,231041412.62,,-132379997.33,,,636545632.23,151223402.5,,,,,,,-54128191.52,,,,,1887813536.67,1086344.25,,,-411115495.16,661623395.12,0.0,1583784108.85,,,57627714.16,41394285.07,,,-2884153.37,349592747.37,,346708594.0,,,,,,,,,,,,198369344.87,,52435183.61,0.0,43080534.31,,-237012075.52,
Banco Daycoval,62232889,202306,2023-06-01,2023,2,2023Q2,,,,,,,,,,,-535049645.8,,-107705630.49,,-2885444297.61,,,-3384813059.63,,-27390567.63,0.0,-355977744.69,,-123352260.19,,0.0,,458862511.01,,-270370546.68,,,1321027464.87,335248543.0,,,,,,,-107117932.42,,,,,3745722513.07,9654127.18,,,-1017408007.91,1384348718.48,0.0,3231965277.91,,,116774357.29,82371757.13,,,-6825292.82,696157996.44,,689332703.62,,,,,,,,,,,,360909453.44,,137162397.41,0.0,84178531.37,,-471978194.39,
Banco Daycoval,62232889,202309,2023-09-01,2023,3,2023Q3,,,,,,,,,,,-319326632.65,,-62994194.67,,-1672195370.3,,,-2359932220.93,,-314490331.01,0.0,-188151043.88,,-100298178.54,,0.0,,320708779.6,,-136806942.44,,,425849796.88,-96746500.69,,,,,,,-55573114.73,,,,,2939209670.75,27374187.17,,,297713687.04,772121985.97,0.0,1774419417.36,,,65574254.67,41482531.54,,,-5950876.26,482530949.13,,476580072.87,,,,,,,,,,,,579277449.82,,67580393.21,0.0,77625729.86,,-373246519.62,
Banco Daycoval,62232889,202312,2023-12-01,2023,4,2023Q4,,,,,,,,,,,-624505269.09,,-127247128.15,,-3120732937.64,,,-4099055124.98,,-282161345.31,0.0,-392928943.73,,-194071971.2,,0.0,,643066176.81,,-287273700.88,,,854727993.65,-186600867.69,,,,,,,-94337719.63,,,,,5228417594.39,55858296.46,,,-4900276.82000017,1460300207.43,0.0,3620794760.99,,,154370023.35,85333607.33,,,-11285734.08,942761601.72,,931475867.64,,,,,,,,,,,,1129362469.41,,96364606.33,0.0,150922549.83,,-696160842.03,
Banco Daycoval,62232889,202403,2024-03-01,2024,1,2024Q1,,,,,,,,,,,-263783379.13,,-64478314.33,,-1531561407.21,,,-2037703909.84,,-201059436.69,0.0,-193438930.0,,-141740441.88,,0.0,,367968194.33,,-207210217.52,,,377973807.96,-166564417.11,,,,,,,-65168117.26,,,,,2781392554.28,24275340.7,,,249175177.58,666761032.17,0.0,1772224174.74,,,72049385.84,40750114.56,,,-2247473.86,577124227.33,,574876753.47,,,,,,,,,,,,743688644.44,,68956829.09,0.0,71573115.51,,-305083065.94,
Banco Daycoval,62232889,202406,2024-06-01,2024,2,2024Q2,,,,,,,,,,,-549615567.05,,-130127371.86,,-3169613923.39,,,-4449858351.13,,-710397038.52,0.0,-394344420.56,,-325321770.27,,0.0,,806055685.0,,-542858684.47,,,684864088.97,-549579322.6,,,,,,,-124082075.97,,,,,6263217888.24,56579182.07,,,995932178.46,1349602743.79,0.0,3600432469.45,,,148386139.45,86216805.21,,,-8320683.27,1263780214.51,,1255459531.24,,,,,,,,,,,,1813359537.11,,260671314.47,0.0,147899687.71,,-569847389.22,
Banco Daycoval,62232889,202409,2024-09-01,2024,3,2024Q3,,,,,,,,,,,-278524325.01,,-69487804.02,,-1456691056.77,,,-1833461267.51,,-61007630.95,0.0,-217797368.12,,-176645529.17,,0.0,,450637667.56,,-165863579.55,,,338366626.59,-217796491.71,,,,,,,-63293922.27,,,,,2663900780.97,34656751.55,,,-24828440.4100001,718011623.28,0.0,1878858376.92,,,82089140.95,43672562.91,,,77934097.25,612643021.75,,690577119.0,,,,,,,,,,,,830439513.46,,57202469.63,0.0,49748254.54,,-315762579.79,
Banco Daycoval,62232889,202412,2024-12-01,2024,4,2024Q4,,,,,,,,,,,-592949810.04,,-144096474.23,,-3230584725.43,,,-4320377745.59,,-450176071.05,0.0,-443686033.12,,-323472197.82,,0.0,,883223255.01,,-727406620.5,,,669779350.83,-827003515.73,,,,,,,-93240654.56,,,,,6373853464.41,72499612.94,,,826174801.08,1502375740.0,0.0,3737703752.77,,,171924532.14,96849082.84,,,73463904.3,1226472203.09,,1299936107.39,,,,,,,,,,,,2053475718.82,,235099557.62,0.0,142582456.35,,-639616949.11,
Banco Daycoval,62232889,202503,2025-03-01,2025,1,2025Q1,0.0,125838265.05,7915179.15,-21980232.88,-4306230.0,421233601.84,-109620721.35,-1350300.0,75774111482.28,-1793170329.95,,-229436078.25,,-94783842.84,,-1402464726.2,0.0,,0.0,,,,-217546934.39,,-175283664.91,,451812227.750001,,-206597278.37,,482973752.510001,-74366238.3899996,,,61962761.15,0.0,-8547765.21,33904358.27,46989314.1,18710614.99,,-60811228.52,145779664.32,1709563012.49,684979585.65,,,141473434.32,0.0,,,,,1772769870.29,23784845.96,,,53813802.43,710255079.79,,,687907121.180001,,-377382236.54,-27971494.9000001,0.0,0.0,205686279.31,-238243843.69,9997892.01,-5411822.53,-8819513.74,2222683.08,-112095771.42,,874369130.99,,,,84067093.11,,-114318454.5
Banco Daycoval,62232889,202506,2025-06-01,2025,2,2025Q2,0.0,357987388.73,33446787.22,-19317282.19,-5242237.95,776982706.68,-165532331.37,-2205600.0,80820455406.15,-3664709837.27,,-465612876.44,,-185099543.53,,-2922932569.98,0.0,,0.0,,,,-431141823.34,,-280466320.66,,867720753.599998,,-221080855.45,,952396901.76,70571543.2199995,,,136159172.06,0.0,-15888157.2,-115905289.98,108865678.14,47442468.61,,-130363691.12,301114375.41,3471159514.64,1389342600.8,,,295872137.46,0.0,,,,,3772480250.14,113278105.7,,,110334210.87,1468026256.63,,,1278550765.38,,-903996087.1,-501720438.51,0.0,0.0,-144404396.93,-372803875.75,20899846.85,-5412012.68,-12311969.21,4389875.23,2876857.80000002,,1205102364.36,,,,186928326.5,,-1513017.42999998
Banco Daycoval,62232889,202509,2025-09-01,2025,3,2025Q3,0.0,15213808.37,14281462.08,-17046644.14,-36369.62,194298077.26,-41794634.05,-415500.0,85727556998.69,-2019006661.0,,-267117759.0,,-93923510.89,,-1849108036.67,-71162925.68,,0.0,,,,-227833994.68,,-40480646.89,,473258290.77,,-148112762.31,,586891219.57,149240646.03,,,76526766.2,0.0,-7352808.79,-27871639.55,129167246.84,42773041.89,,-67813541.76,216044042.79,1759377334.77,738570522.86,,,216007673.17,0.0,,,,,1861963755.93,76109180.66,,,59138340.1,795209526.83,,,581552479.42,,-122733574.88,-448465911.33,0.0,0.0,-411386746.91,-69079370.61,32000352.26,-146.07,-3462691.7,2145200.84,2363784.91,,429948048.48,,,,167135038.74,,218584.07
Banco Inter,00416968,202306,2023-06-01,2023,2,2023Q2,,,,,,,,,,,-707821118.83,,-95142889.89,,-1351553409.9,,,-2111016841.29,,-1492627.58,0.0,-260593425.35,,51947572.35,,0.0,,26546260.7400001,,-227713951.71,,,113113533.57,-720701197.85,,,,,,,0.0,,,,,2812153304.81,0.0,,,-58422253.17,961132869.18,0.0,1900167562.12,,,383863483.43,26826391.7,,,-5836577.28,-19564734.3299999,,-25401311.6099999,,,,,,,,,,,,701136463.52,,9275126.68,0.0,46766779.23,,-757970803.81,
Banco Inter,00416968,202309,2023-09-01,2023,3,2023Q3,,,,,,,,,,,-340842080.06,,-53989033.03,,-768706152.8,,,-1266657370.22,,-729230.47,0.0,-145006430.89,,36643309.79,,0.0,,45118061.8200001,,-121877575.85,,,110258010.52,-271904860.27,,,,,,,0.0,,,,,1537072804.98,0.0,,,7080313.46000001,553385586.04,0.0,954944587.72,,,229090503.61,18852064.74,,,9964177.54,-1489425.50999987,,8474752.03000013,,,,,,,,,,,,270415434.76,,21662317.76,0.0,31609680.69,,-497221986.95,
Banco Inter,00416968,202406,2024-06-01,2024,2,2024Q2,,,,,,,,,,,-736754266.91,,-112655871.89,,-1530125431.11,,,-2574566493.61,,-2448590.29,0.0,-263717242.25,,10905637.17,,0.0,,164561764.97,,-355568045.19,,,269348492.15,-593407745.77,,,,,,,0.0,,,,,3324196475.91,0.0,,,-16185892.0100001,1072379115.68,0.0,2204332284.66,,,514533652.74,42409156.12,,,-2566108.73,156222236.53,,153656127.8,,,,,,,,,,,,749629982.3,,63670967.58,0.0,48996379.46,,-1041992472.21,
Banco Inter,00416968,202409,2024-09-01,2024,3,2024Q3,,,,,,,,,,,-422679620.74,,-63077952.04,,-830016170.12,,,-1386968144.49,,-3355451.32,0.0,-175854964.11,,54303347.6,,0.0,,129432969.85,,-198934953.57,,,181746993.41,-361972108.91,,,,,,,0.0,,,,,1830729291.4,0.0,,,-11860872.65,560728864.34,0.0,1271904265.43,,,270843578.32,24005243.44,,,-6659415.75,81789038.0,,75129622.25,,,,,,,,,,,,443761146.91,,9957034.28000001,0.0,21979566.38,,-553596523.05,
Banco Inter,00416968,202412,2024-12-01,2024,4,2024Q4,,,,,,,,,,,-877875627.62,,-133845345.92,,-1776052272.95,,,-2829652198.04,,-5218168.2,0.0,-367787053.52,,46834477.22,,0.0,,388155087.290001,,-437582037.87,,,414649612.8,-700598545.46,,,,,,,0.0,,,,,3829902121.21,0.0,,,-41320276.3399999,1203696959.46,0.0,2624292230.36,,,597558205.77,46722728.71,,,41669232.36,299651377.710001,,341320610.070001,,,,,,,,,,,,1000249923.17,,43233207.73,0.0,57560972.19,,-1048381756.89,
Banco Inter,00416968,202506,2025-06-01,2025,2,2025Q2,0.0,163648971.8,8407489.88,0.0,0.0,0.0,18301411.66,0.0,83407400792.85,-2610248828.03,,-893106555.72,,-189279763.92,,-2642918372.24,-12553823.3,,0.0,,,,-316033222.23,,21307347.63,,466689783.259999,,-440930514.4,,470083480.49,-1314334546.55,,,6741931.3599999,72368051.68,-32669544.21,51243551.4,-27724677.63,58871333.96,,0.0,95569307.88,3127005897.22,1348650444.2,,,95569307.88,0.0,,,,,3281231603.05,92557950.79,,,24523225.67,1415929268.04,,,445382435.629999,,-73471957.77,-946532546.26,-146547.65,0.0,-942911951.35,-203897.26,0.0,-3270150.0,-26762421.44,523972043.55,498662000.59,,1261054981.59,,,,50429293.64,,-97678094.64
Banco Inter,00416968,202509,2025-09-01,2025,3,2025Q3,0.0,-38243476.13,-8603443.94,0.0,0.0,0.0,6258658.82,0.0,89463307696.4,-1692808840.96,,-453356018.53,,-106428037.44,,-1710532747.33,-21208416.7,,0.0,,,,-180285690.88,,12314899.06,,288275668.15,,-130751463.44,,276750643.21,-606163529.33,,,4300369.39999998,40703403.15,-17723906.37,8182586.50999999,-73269399.14,35809758.63,,0.0,166839626.1,1837536807.2,739465926.99,,,166839626.1,0.0,,,,,1732282590.75,48712314.5,,,13044940.3,766672241.68,,,275960769.09,,182566534.96,-539929722.13,0.0,0.0,-557088111.49,4535916.02,6022235.79,6600237.55,-13198327.2,290177073.46,248539290.08,,633585008.34,,,,-16239944.75,,-82341186.53
Banco Inter,416968,201903,2019-03-01,2019,1,2019Q1,,,,,,,,,,,-68241030.67,,-6466016.59,,-53472474.45,,,-76205075.36,,-435090.59,0.0,-32139155.18,,8274826.32,,0.0,,12074941.9300001,,-14316513.06,,,7508617.42,-92586221.32,,,,,,,0.0,,,,,174813420.62,0.0,,,342178.63,32167864.08,0.0,142192044.3,,,14922549.21,3092043.9,,,-2222008.33,6022123.94000006,,3800115.61000006,,,,,,,,,,,,98608345.26,,111333.61,0.0,3053283.65,,-22297510.32,
Banco Inter,416968,201906,2019-06-01,2019,2,2019Q2,,,,,,,,,,,-140917113.12,,-14206883.8,,-118789164.79,,,-173324094.65,,-1095897.79,0.0,-71330972.2,,-2419041.47,,0.0,,45002264.3199999,,-35437226.68,,,18929239.22,-198842843.24,,,,,,,0.0,,,,,382966544.36,0.0,,,1986231.4,64142652.7,0.0,316432432.14,,,31099709.15,6559993.44,,,36621699.32,10799606.4699999,,47421305.7899999,,,,,,,,,,,,209642449.71,,405228.12,0.0,6460410.75,,-53439032.07,
Banco Inter,416968,201909,2019-09-01,2019,3,2019Q3,,,,,,,,,,,-87473337.41,,-8597221.52,,-66087335.99,,,-100445483.0,,-438532.26,0.0,-40812481.6,,3122312.52,,0.0,,10608771.35,,-12561126.23,,,11947249.36,-110016521.89,,,,,,,0.0,,,,,220803871.67,0.0,,,140011.26,49065523.29,0.0,171568333.66,,,21158590.13,3599674.25,,,-2855407.95,10341866.78,,7486458.82999997,,,,,,,,,,,,120358388.67,,30003.46,0.0,2722131.13,,-33919614.75,
Banco Inter,416968,201912,2019-12-01,2019,4,2019Q4,,,,,,,,,,,-185887433.1,,-18020344.77,,-132274555.72,,,-210747965.37,,-953747.69,0.0,-88127974.39,,6943683.89,,0.0,,33877111.77,,-33199167.7,,,26005677.65,-234932397.76,,,,,,,0.0,,,,,477424077.39,0.0,,,2248443.09,132053335.64,0.0,343096116.83,,,47242511.19,7651754.16,,,-4810286.38,31743714.26,,26933427.88,,,,,,,,,,,,266676112.02,,26181.83,0.0,9402579.2,,-77519661.96,
Banco Inter,416968,202003,2020-03-01,2020,1,2020Q1,,,,,,,,,,,-105014777.07,,-10656993.54,,-54332677.13,,,-105095970.2,,-364550.91,0.0,-49063042.63,,24493739.72,,0.0,,-9869978.18000004,,-24019816.32,,,32170221.6,-125884266.11,,,,,,,0.0,,,,,194814546.76,0.0,,,-10576597.15,9276231.2,0.0,191579468.28,,,23302919.84,4052844.13,,,1801971.65,-36165689.55,,-34363717.9,,,,,,,,,,,,89718576.56,,4535444.43,0.0,3344377.88,,-50398742.16,
Banco Inter,416968,202006,2020-06-01,2020,2,2020Q2,,,,,,,,,,,-226509117.2,,-21357292.0,,-95727121.3,,,-193768220.0,,-850884.79,0.0,-99353646.46,,37831911.47,,0.0,,-9572146.32999998,,-45563341.84,,,58970761.46,-265934414.82,,,,,,,0.0,,,,,408120103.04,0.0,,,-17085069.87,50403564.16,0.0,369233864.17,,,53750697.14,8450278.52,,,4178473.98,-51582531.78,,-47404057.8,,,,,,,,,,,,214351883.04,,5567744.58,0.0,5677245.56,,-97190213.91,
Banco Inter,416968,202009,2020-09-01,2020,3,2020Q3,,,,,,,,,,,-149812867.3,,-12834282.44,,-36544171.73,,,-88159054.17,,-428649.24,0.0,-56482566.63,,11232363.34,,0.0,,-12370692.2,,-29773218.28,,,27682009.19,-172676357.75,,,,,,,0.0,,,,,227796057.54,0.0,,,-16779082.73,33851393.65,0.0,209276720.5,,,40807857.98,6995575.23,,,9436298.84,-33039354.38,,-23603055.54,,,,,,,,,,,,139637003.37,,1447026.12,0.0,741134.5,,-51186233.2,
Banco Inter,416968,202012,2020-12-01,2020,4,2020Q4,,,,,,,,,,,-324008351.95,,-29214067.61,,-84355028.95,,,-202111430.46,,-783659.57,0.0,-114279119.15,,28496816.01,,0.0,,2375429.49999996,,-92897345.97,,,60223083.46,-352720528.87,,,,,,,0.0,,,,,517587907.69,0.0,,,-48747864.34,92821155.79,0.0,472530104.09,,,103476812.71,14453166.54,,,11122665.13,-37244051.64,,-26121386.51,,,,,,,,,,,,315476477.23,,984512.15,0.0,29525293.1,,-116972741.94,
Banco Inter,416968,202103,2021-03-01,2021,1,2021Q1,,,,,,,,,,,-190931660.97,,-20145705.59,,-56743644.22,,,-151913962.95,,-377855.71,0.0,-74952839.12,,20717523.48,,0.0,,14871615.45,,-67564210.83,,,34466956.78,-217651012.51,,,,,,,0.0,,,,,359240469.03,0.0,,,-21653483.62,95509734.29,0.0,282525561.69,,,67392293.74,5347660.73,,,4478598.4,-10324506.43,,-5845908.03000001,,,,,,,,,,,,207326506.08,,2858656.67,0.0,28736492.75,,-94792463.02,
Banco Inter,416968,202106,2021-06-01,2021,2,2021Q2,,,,,,,,,,,-414756191.44,,-41089028.38,,-142513787.63,,,-353055927.1,,-728817.82,0.0,-160386147.16,,77336690.05,,0.0,,24560248.66,,-172594562.58,,,73531955.25,-480838952.55,,,,,,,0.0,,,,,767991912.94,0.0,,,-44512457.45,211523683.94,0.0,598108741.62,,,153022097.84,10132296.78,,,13126525.32,-65902966.71,,-52776441.39,,,,,,,,,,,,414935985.84,,2871944.83,0.0,71300627.14,,-209813321.65,
Banco Inter,416968,202109,2021-09-01,2021,3,2021Q3,,,,,,,,,,,-246854604.49,,-28446569.06,,-149092374.4,,,-270382806.77,,-346314.21,0.0,-110043671.47,,29885344.5,,0.0,,14163204.9700001,,-155928933.55,,,42091657.91,-343121699.42,,,,,,,0.0,,,,,596056747.07,0.0,,,-10566121.08,255084277.67,0.0,350336006.54,,,108632713.66,5527223.1,,,1725619.59,-17447759.1199999,,-15722139.5299999,,,,,,,,,,,,325673940.3,,1202583.94,0.0,41900484.48,,-120944118.16,
Banco Inter,416968,202112,2021-12-01,2021,4,2021Q4,,,,,,,,,,,-554798040.23,,-62162088.05,,-395787113.19,,,-653523669.8,,-883333.72,0.0,-244925935.48,,66103791.33,,0.0,,10065369.5300003,,-303580062.87,,,97011434.94,-706369738.98,,,,,,,0.0,,,,,1301474787.69,0.0,,,-12985678.11,605426321.92,0.0,706752783.4,,,249175519.91,12799638.26,,,2380199.29,-58418621.0899997,,-56038421.7999997,,,,,,,,,,,,647951117.89,,2281360.48,0.0,100109794.54,,-256853222.89,
Banco Inter,416968,202203,2022-03-01,2022,1,2022Q1,,,,,,,,,,,-299078697.07,,-33518818.21,,-336448053.83,,,-566948203.83,,-380223.11,0.0,-128636729.22,,58396265.38,,0.0,,17003110.46,,-167955650.59,,,74262809.29,-364784096.46,,,,,,,0.0,,,,,850725942.46,0.0,,,17500966.14,369812113.21,0.0,454585687.09,,,137411325.03,4886747.74,,,39613202.91,-81006357.83,,-41393154.92,,,,,,,,,,,,283777738.63,,8827176.02,0.0,47844916.57,,-230119926.89,
Banco Inter,416968,202206,2022-06-01,2022,2,2022Q2,,,,,,,,,,,-585775748.75,,-71714450.89,,-799699676.54,,,-1273307289.99,,-1152549.71,0.0,-278309397.39,,87503250.11,,0.0,,28998405.84,,-327892321.84,,,165155076.88,-693938287.8,,,,,,,0.0,,,,,1852712422.21,0.0,,,6184829.27,820966798.5,0.0,1022154968.19,,,295456119.64,15053130.89,,,56028311.31,-114533155.58,,-58504844.27,,,,,,,,,,,,579405132.22,,3405826.25,0.0,94089303.66,,-472455063.74,
Banco Inter,416968,202209,2022-09-01,2022,3,2022Q3,,,,,,,,,,,-384364549.33,,-39212732.68,,-524922689.37,,,-774739784.06,,-453248.03,0.0,-152211802.58,,100272539.02,,0.0,,-67605457.7299999,,-150855006.75,,,72903153.51,-438773536.73,,,,,,,0.0,,,,,1049582421.55,0.0,,,6050845.78999999,422075839.49,0.0,611926039.44,,,169616978.54,9583138.66,,,-3947097.51,-163930899.24,,-167877996.75,,,,,,,,,,,,274842637.49,,9529696.83,0.0,35767283.9,,-249363846.66,
Banco Inter,416968,202212,2022-12-01,2022,4,2022Q4,,,,,,,,,,,-750172604.93,,-83991241.96,,-1101386209.03,,,-1720757871.48,,-864309.08,0.0,-317473245.59,,167736428.3,,0.0,,-118986797.74,,-295129960.29,,,99908287.48,-884349524.07,,,,,,,0.0,,,,,2318641662.91,0.0,,,25983528.0,880755648.0,0.0,1395210822.46,,,359282857.21,20009358.06,,,-257493.399999999,-286465732.64,,-286723226.04,,,,,,,,,,,,597883791.43,,16691664.45,0.0,83217025.95,,-618507353.37,
Banco Inter,416968,202303,2023-03-01,2023,1,2023Q1,,,,,,,,,,,-375398447.54,,-46301586.15,,-664799663.36,,,-1019351194.33,,-945084.41,0.0,-142944097.5,,48127484.74,,0.0,,-9736448.21999981,,-109790820.75,,,47031565.67,-384152505.79,,,,,,,0.0,,,,,1352159249.66,0.0,,,518407.979999989,456917566.29,0.0,883497479.61,,,185942246.02,9828141.41,,,-6519482.5,-51344450.4599998,,-57863932.9599998,,,,,,,,,,,,332808055.33,,11225795.78,0.0,47480493.05,,-353606446.56,
Banco Inter,416968,202312,2023-12-01,2023,4,2023Q4,,,,,,,,,,,-685093426.53,,-115976583.34,,-1517733659.03,,,-2491542540.81,,-1265812.28,0.0,-293113234.25,,51579531.14,,0.0,,170105036.55,,-259190252.85,,,225797536.99,-521858358.07,,,,,,,0.0,,,,,3126780526.65,0.0,,,-101820207.72,1097895404.16,0.0,2101649705.59,,,489055539.01,42555165.75,,,5145877.64,113379627.77,,118525505.41,,,,,,,,,,,,635237985.84,,29055624.62,0.0,74106897.15,,-972543069.5,
Banco Inter,416968,202403,2024-03-01,2024,1,2024Q1,,,,,,,,,,,-368027733.9,,-55103629.19,,-759796332.22,,,-1294389598.78,,-1491264.32,0.0,-126345212.24,,14470353.76,,0.0,,70161938.3099995,,-173187273.01,,,133821349.62,-275819511.16,,,,,,,0.0,,,,,1632179617.64,0.0,,,1522555.79000002,543882793.12,0.0,1064848702.17,,,251015745.63,20417509.54,,,-6278923.15,61970507.6999995,,55691584.5499995,,,,,,,,,,,,337790018.86,,21925566.56,0.0,41589732.39,,-533102002.24,
Banco Inter,416968,202503,2025-03-01,2025,1,2025Q1,0.0,78813700.61,8013514.77,0.0,0.0,0.0,8898675.34,0.0,79445244486.86,-1181883057.62,,-427247572.97,,-88699598.73,,-1197890202.35,0.0,,0.0,,,,-158398737.77,,-2123638.15000001,,217743819.44,,-253755104.38,,212418111.73,-695971148.24,,,3385409.05000001,35763246.29,-16007144.73,72872274.25,0.0,22319303.06,,0.0,30198111.73,1434597340.29,659388644.24,,,30198111.73,0.0,,,,,1522309716.24,25917313.82,,,13418553.9,689721462.07,,,219867457.59,,-19092425.6800001,-451381909.03,-146547.65,0.0,-451025602.5,633431.35,0.0,-843190.23,-8138380.39,247065577.22,243184264.78,,672654341.05,,,,11046171.32,,-39644558.73
Banco Master,33923798,201903,2019-03-01,2019,1,2019Q1,,,,,,,,,,,-23456425.93,,-1975163.61,,-53183312.22,,,-50715383.2,,0.0,0.0,-9540441.35,,-2003566.86,,0.0,,602625.530000009,,-641507.85,,,5157843.62,-31465210.59,,,,,,,-399041.89,,,,,84801203.05,0.0,,,-8936692.82,27537040.52,0.0,51861537.28,,,401369.3,639940.59,,,384625.02,2620609.26000001,,3005234.28000001,,,,,,,,,,,,34085819.85,,14339318.07,0.0,-2050825.36,,2467929.02,
Banco Master,33923798,201906,2019-06-01,2019,2,2019Q2,,,,,,,,,,,-62883440.66,,-4783369.94,,-111273970.43,,,-102600146.53,,0.0,0.0,-19691558.93,,-13898137.36,,0.0,,8056824.10000004,,-20060395.33,,,7668939.07,-99324466.87,,,,,,,-1399041.89,,,,,224789870.94,0.0,,,-4845041.48,71103630.86,0.0,125686952.15,,,538628.43,1458432.72,,,488745.81,22865257.54,,23354003.35,,,,,,,,,,,,122189724.41,,32844329.41,0.0,-1571702.23,,8673823.9,
Banco Master,33923798,201909,2019-09-01,2019,3,2019Q3,,,,,,,,,,,-44204604.81,,-4588575.79,,-60263516.67,,,-74393821.41,,0.0,0.0,-9510383.57,,-3094665.94,,0.0,,7352131.89,,-2918120.33,,,14276908.73,-48540806.03,,,,,,,0.0,,,,,133803146.97,0.0,,,9642454.67,22199804.36,0.0,75807726.23,,,385310.26,923712.78,,,-421721.7,10868519.53,,10446797.83,,,,,,,,,,,,59409325.56,,26153161.71,0.0,-2905053.3,,-14130304.74,
Banco Master,33923798,201912,2019-12-01,2019,4,2019Q4,,,,,,,,,,,-162568461.74,,-11930130.38,,-120480933.64,,,-133749375.43,,0.0,0.0,-20736752.67,,-12950481.74,,0.0,,30423629.42,,-11777012.39,,,61956513.52,-147135759.61,,,,,,,-2000000.0,,,,,329429745.09,0.0,,,2320169.13,68057143.53,0.0,210097699.24,,,460264.78,2023411.48,,,-3170498.89,48544610.05,,45374111.16,,,,,,,,,,,,195680369.66,,48954733.19,0.0,-4563592.21,,-13268441.79,
Banco Master,33923798,202003,2020-03-01,2020,1,2020Q1,,,,,,,,,,,-62114683.0,,-3774609.88,,-67347951.76,,,-68951838.6,,0.0,0.0,-12793890.51,,8457402.23,,0.0,,13157065.1099999,,-104676.26,,,17907563.75,-60546892.01,,,,,,,0.0,,,,,132365297.22,0.0,,,-12309977.23,23915060.8,0.0,100824880.59,,,408172.82,1135912.37,,,1833096.27,2866566.60999992,,4699662.87999992,,,,,,,,,,,,63413458.6199999,,19935333.0599999,0.0,-1210681.3,,-1603886.84,
Banco Master,33923798,202006,2020-06-01,2020,2,2020Q2,,,,,,,,,,,-156139656.53,,-10715996.53,,-136773891.3,,,-139088829.03,,-125467.31,0.0,-23998784.61,,1144236.15,,0.0,,21472371.16,,-6566173.8,,,41386376.74,-153725707.89,,,,,,,0.0,,,,,313674980.01,0.0,,,-31165335.9,41370854.76,0.0,258268413.78,,,443422.96,2399400.07,,,-532308.08,20860443.09,,20328135.01,,,,,,,,,,,,174586150.98,,45201047.37,0.0,-534296.19,,-2189470.42,
Banco Master,33923798,202009,2020-09-01,2020,3,2020Q3,,,,,,,,,,,-64951619.69,,-4541486.18,,-82158823.64,,,-89837629.12,,-651450.1,0.0,-16716836.01,,-1143144.29,,0.0,,1033665.63000002,,-478332.59,,,12996534.88,-73380228.33,,,,,,,-1349689.7,,,,,165440086.05,0.0,,,-2453748.41,1160019.14,0.0,142219643.41,,,45732.9999999999,477943.72,,,1304271.02,2222228.60000002,,3526499.62000002,,,,,,,,,,,,75602456.93,,24514171.91,0.0,-212165.46,,-7027355.38,
Banco Master,33923798,202012,2020-12-01,2020,4,2020Q4,,,,,,,,,,,-257240836.9,,-20395622.74,,-180524408.22,,,-202072693.51,,-1326182.79,0.0,-30906814.56,,-35133565.06,,0.0,,48637643.37,,-15986565.75,,,15205516.07,-302525050.54,,,,,,,-2849689.7,,,,,590575231.4,0.0,,,-13360788.72,3510321.38,0.0,543688702.52,,,82278.7499999999,563024.82,,,643410.78,85977487.35,,86620898.13,,,,,,,,,,,,388502537.89,,56736996.22,0.0,6153969.77,,-20222102.5,
Banco Master,33923798,202103,2021-03-01,2021,1,2021Q1,,,,,,,,,,,-71517888.92,,-6833499.3,,-103786927.88,,,-118480644.3,,-827132.76,0.0,-17370674.59,,-9362413.92,,0.0,,15027119.8100001,,-2547275.18,,,1726794.35,-92777696.86,,,,,,,-2570534.51,,,,,238014911.85,0.0,,,-5002599.3,17433551.38,0.0,204262218.03,,,49715.68,85013.21,,,203497.55,26756570.6900001,,26960068.2400001,,,,,,,,,,,,119534267.55,,21321741.74,0.0,3630117.89,,-13866583.66,
Banco Master,33923798,202106,2021-06-01,2021,2,2021Q2,,,,,,,,,,,-224615122.83,,-16622985.08,,-238491895.65,,,-270758211.71,,-1826126.36,0.0,-32063702.69,,-10870929.86,,0.0,,33514289.58,,-8532159.43,,,8807627.78000001,-252304665.98,,,,,,,-6891534.51,,,,,574469938.68,0.0,,,-12116430.66,44248635.34,0.0,474533416.54,,,92984.89,231837.18,,,-130307.04,51407060.99,,51276753.95,,,,,,,,,,,,303711726.97,,67804317.46,0.0,20396854.2,,-30440189.7,
Banco Master,33923798,202109,2021-09-01,2021,3,2021Q3,,,,,,,,,,,-102239586.08,,-7368162.44,,-137177604.77,,,-159288708.42,,-459874.56,0.0,-18890561.22,,-2041416.83,,0.0,,1172757.78999996,,-2436689.66,,,10806222.95,-120000088.68,,,,,,,-3462332.4,,,,,286462711.27,0.0,,,-4570651.62,43545370.04,0.0,208130720.33,,,227411.36,131387.97,,,-497407.15,7173914.16999996,,6676507.01999996,,,,,,,,,,,,127174002.85,,39357272.52,0.0,-230111.56,,-21651229.09,
Banco Master,33923798,202112,2021-12-01,2021,4,2021Q4,,,,,,,,,,,-268870505.77,,-23633330.59,,-436528013.57,,,-472185982.72,,-769434.16,0.0,-37781438.2,,-46372201.88,,0.0,,104268626.97,,-10371076.96,,,12357651.19,-292798205.32,,,,,,,-25462332.4,,,,,942037444.65,0.0,,,-5098144.61,309130575.64,0.0,555369474.51,,,338273.06,267223.48,,,-950095.36,177053256.61,,176103161.25,,,,,,,,,,,,469851461.93,,82635539.11,0.0,34894998.47,,-34888534.99,
Banco Master,33923798,202203,2022-03-01,2022,1,2022Q1,,,,,,,,,,,-117989363.33,,-6606699.9,,-311653475.61,,,-326231598.24,,0.0,0.0,-20930893.3,,3901683.3,,0.0,,31917980.6699999,,-4968378.77,,,15647213.77,-95700826.58,,,,,,,-4418198.94,,,,,453854967.16,0.0,,,66813773.89,194636230.52,0.0,189617572.14,,,69842.44,133053.25,,,511953.97,31922542.3399999,,32434496.3099999,,,,,,,,,,,,127623368.92,,2787390.61,0.0,38944399.26,,-14578122.63,
Banco Master,33923798,202206,2022-06-01,2022,2,2022Q2,,,,,,,,,,,-336608337.83,,-23187416.5,,-734606088.59,,,-790087783.04,,0.0,0.0,-42763725.84,,120602141.15,,0.0,,60005879.3,,-209359445.6,,,15901307.02,-384771682.48,,,,,,,-8144198.94,,,,,1116560614.97,0.0,,,29508627.53,523179142.35,0.0,499158389.37,,,689217.34,350254.2,,,5846787.64,-58298850.55,,-52452062.91,,,,,,,,,,,,326472831.93,,64714455.72,0.0,210206464.73,,-55481694.45,
Banco Master,33923798,202209,2022-09-01,2022,3,2022Q3,,,,,,,,,,,-248820074.64,,-16029544.05,,-330831771.96,,,-424209734.57,,0.0,0.0,-29614030.99,,85904410.1,,0.0,,8436672.6900001,,-124171295.61,,,5838726.76,-296251723.14,,,,,,,-5680669.88,,,,,649035263.35,0.0,,,70302272.15,120794443.41,0.0,449037518.18,,,1749391.83,228026.4,,,-360873.17,-71426194.3599999,,-71787067.5299999,,,,,,,,,,,,224825528.78,,8901029.61,0.0,114567077.16,,-93377962.61,
Banco Master,33923798,202212,2022-12-01,2022,4,2022Q4,,,,,,,,,,,-532610470.41,,-40758715.22,,-984459284.26,,,-942797930.55,,0.0,0.0,-58512750.83,,26907146.0,,0.0,,150821273.09,,-119023043.21,,,8643727.52000003,-546676512.8,,,,,,,-8618886.61,,,,,1622197987.99,0.0,,,-18604567.56,263849390.26,0.0,1346836553.38,,,8427056.91,462504.38,,,-190530.94,132723544.64,,132533013.7,,,,,,,,,,,,679400057.44,,30116611.91,0.0,186695178.06,,41661353.71,
Banco Master,33923798,202303,2023-03-01,2023,1,2023Q1,,,,,,,,,,,-198371381.24,,-14752120.76,,-716375673.65,,,-705030747.77,,0.0,0.0,-32353700.66,,-24384925.79,,0.0,,70936180.5800001,,-15173589.14,,,6155878.61999998,-191752202.27,,,,,,,-17640992.39,,,,,1009915176.42,2093520.21,,,49108253.58,103550756.7,0.0,841625011.7,,,16984011.79,406821.22,,,-170127.62,113132226.38,,112962098.76,,,,,,,,,,,,304884428.65,,13537634.23,0.0,45351877.9,,11344925.88,
Banco Master,33923798,202306,2023-06-01,2023,2,2023Q2,,,,,,,,,,,-483657610.66,,-55920915.99,,-1560664400.92,,,-1590534290.17,,0.0,0.0,-66054520.66,,-162996188.63,,0.0,,290555888.95,,-157176296.44,,,7728604.69999999,-678240542.93,,,,,,,-27351691.59,,,,,2748410844.37,19158155.41,,,168253990.83,746229086.57,0.0,1788017826.21,,,30888149.1,3998106.6,,,1267757.9,479636011.27,,480903769.169999,,,,,,,,,,,,1157876554.2,,26751785.35,0.0,41953940.42,,-29869889.25,
Banco Master,33923798,202309,2023-09-01,2023,3,2023Q3,,,,,,,,,,,-233891815.66,,-22942097.34,,-651261210.17,,,-722620579.51,,0.0,0.0,-39329117.64,,-12783.69,,0.0,,3813725.81000013,,-72462706.79,,,68644454.58,-275771897.84,,,,,,,0.0,,,,,1002482637.9,34320295.48,,,-17661915.62,247657056.22,0.0,720845151.74,,,13869144.79,5231149.28,,,-263651.05,4090160.55000013,,3826509.50000013,,,,,,,,,,,,279862058.39,,17322050.08,0.0,5109090.94,,-71359369.34,
Banco Master,33923798,202312,2023-12-01,2023,4,2023Q4,,,,,,,,,,,-611431869.05,,-38472761.15,,-1983803768.52,,,-2219068523.71,,0.0,0.0,-79499408.72,,78063513.79,,0.0,,241232199.91,,-89854515.21,,,77796660.71,-394105812.23,,,,,,,-8214572.97,,,,,2786376216.31,76969136.48,,,1887461.88,918631109.62,0.0,1744869964.83,,,33904869.92,9371022.07,,,-1818621.28,173201880.37,,171383259.09,,,,,,,,,,,,567307692.6,,44018543.5,0.0,304080189.2,,-235264755.19,
Banco Master,33923798,202403,2024-03-01,2024,1,2024Q1,,,,,,,,,,,-268946805.76,,-29900131.13,,-1097457893.57,,,-1193781240.3,,0.0,0.0,-46438773.79,,-50888024.98,,0.0,,59485455.5099999,,-26527784.97,,,36594293.35,-320962126.73,,,,,,,-23836118.57,,,,,1648875355.16,45599055.77,,,-124827333.09,502187405.11,0.0,1186627849.82,,,12607656.93,1104397.84,,,77610.9300000001,134131988.13,,134209599.06,,,,,,,,,,,,455094114.86,,39288377.55,0.0,545020.800000001,,-96323346.73,
Banco Master,33923798,202406,2024-06-01,2024,2,2024Q2,,,,,,,,,,,-840921251.88,,-60110773.92,,-2109078027.67,,,-2542071214.71,,0.0,0.0,-88606668.38,,178327777.96,,0.0,,500751544.590001,,-106118550.8,,,65274398.6700001,-703500383.19,,,,,,,-23836118.57,,,,,3155755396.17,94535426.9,,,-655793653.7,1227373804.1,0.0,2407340873.91,,,38763114.63,1566151.25,,,436076086.93,-89816201.7299994,,346259885.200001,,,,,,,,,,,,613684181.460001,,82298944.96,0.0,286653197.24,,-432993187.04,
Banco Master,33923798,202409,2024-09-01,2024,3,2024Q3,,,,,,,,,,,-408864245.3,,-17504149.1,,-1481185778.17,,,-1559832221.01,,0.0,0.0,-46499994.92,,107221778.55,,0.0,,236650472.71,,-71763353.98,,,3601439.92,-141063158.56,,,,,,,-11309241.02,,,,,1839563505.83,55449638.57,,,-116511997.18,343796988.2,0.0,1501881013.76,,,22283632.84,332640.3,,,2069808.92,138668126.26,,140737935.18,,,,,,,,,,,,279731284.82,,54947862.48,0.0,377350871.68,,-78646442.84,
Banco Master,33923798,202412,2024-12-01,2024,4,2024Q4,,,,,,,,,,,-1035185955.66,,-158819974.29000002,,-2603189843.25,,,-2431652091.04,,0.0,0.0,-101869357.05,,-224872840.64,,0.0,,566759996.63,,-162991845.12999997,,,129702467.25999992,-1086768178.9099998,,,,,,,-11309241.02,,,,,4319100262.45,119932535.58,,,-982619818.04,1231517160.44,0.0,3850311048.16,,,54003422.89,658832.28,,,2262085.79,800679992.5,,802942078.29,,,,,,,,,,,,1887448171.41,,99959336.31,0.0,187734230.79000008,,171537752.20999998,
Banco Master,33923798,202503,2025-03-01,2025,1,2025Q1,0.0,0.0,-207200589.32,0.0,0.0,0.0,0.0,0.0,68344169943.95,-1756526392.27,,-361873153.06,,-14171357.86,,-1768945612.89,0.0,,0.0,,,,-58556832.31,,-139506058.84,,57712713.8899995,,-36783564.24,,103609466.42,-455156341.14,,,32605204.89,0.0,-12419220.62,360223614.73,193681599.33,1067567501.58,,-38988277.52,9485459.76,1596610553.42,276023498.71,,,9485459.76,0.0,,,,,1790292152.75,0.0,,,396114.66,1136390410.97,,,236207050.25,,312937014.16,-1148360022.21,0.0,0.0,-17635446.18,2054369.12,15505557.53,-1148284502.68,0.0,0.0,-659625.88,,692023017.27,,,,-120382219.64,,-659625.88
Banco Original,92894922,201903,2019-03-01,2019,1,2019Q1,,,,,,,,,,,-98677649.23,,-12254051.97,,-151187716.01,,,-197199568.36,,-3004205.52,0.0,-68837950.6,,-6990454.81,,0.0,,1156227.35000001,,-63867012.36,,,57395619.25,-170615071.9,,,,,,,-56100521.52,,,,,433221819.93,0.0,,,-2344398.40999997,199369911.36,0.0,226854315.01,,,10351088.4,5138775.98,,,-1159975.99,65407179.67,,64247203.68,,,,,,,,,,,,236022251.57,,9341991.97,0.0,136108.63,,-43007646.83,
Banco Original,92894922,201906,2019-06-01,2019,2,2019Q2,,,,,,,,,,,-210825089.29,,-28105407.8,,-322963475.24,,,-410963775.58,,-2949383.26,0.0,-140168392.77,,-72252842.87,,0.0,,579651.179999977,,-106506069.2,,,70369414.66,-385436790.17,,,,,,,-73353288.1,,,,,947485792.6,0.0,,,45357425.2900001,451400804.79,0.0,441620619.12,,,21650590.13,10873431.84,,,-4899444.7,151085226.85,,146185782.15,,,,,,,,,,,,536522017.02,,9106943.40000001,0.0,-2725267.74,,-85050917.08,
Banco Original,92894922,201909,2019-09-01,2019,3,2019Q3,,,,,,,,,,,-135422947.83,,-22285628.57,,-163893011.38,,,-272106604.25,,-4240872.73,0.0,-78668440.47,,-51393227.64,,0.0,,5496475.01000001,,-20973128.52,,,27333439.96,-212445395.68,,,,,,,-42712189.41,,,,,586866845.87,0.0,,,-210815394.53,459792118.2,0.0,310262679.86,,,13130677.83,6292208.18,,,-2712953.88,102314845.94,,99601892.06,,,,,,,,,,,,314760241.62,,27627442.34,0.0,-1851576.26,,-103972720.14,
Banco Original,92894922,201912,2019-12-01,2019,4,2019Q4,,,,,,,,,,,-299941700.02,,-30090751.13,,-314555724.0,,,-430525220.24,,-4079416.24,0.0,-171316588.5,,115339422.61,,0.0,,8241516.08000028,,-89159853.1199999,,,68956540.4000001,-497607643.28,,,,,,,-59986891.39,,,,,883557681.41,0.0,,,-73991508.76,444282977.38,0.0,493135756.81,,,25024219.86,13008398.08,,,-2535833.03,-44575182.1099997,,-47111015.1399997,,,,,,,,,,,,453032461.17,,20130455.98,0.0,-14087908.85,,-111890080.0,
Banco Original,92894922,202003,2020-03-01,2020,1,2020Q1,,,,,,,,,,,-144713862.86,,-7621433.44,,-147889659.56,,,-295609036.74,,-48209692.86,0.0,-80180159.03,,90560997.82,,0.0,,-131793014.49,,-34928723.26,,,115581024.13,-146822591.46,,,,,,,-77062672.34,,,,,297589195.2,0.0,,,-624297858.94,132517934.97,0.0,724495888.8,,,17003623.55,6181675.84,,,-448906.97,-144842433.0,,-145291339.97,,,,,,,,,,,,1980158.45999992,,64873230.37,0.0,-18144736.39,,-99509684.32,
Banco Original,92894922,202006,2020-06-01,2020,2,2020Q2,,,,,,,,,,,-310259005.88,,-18504565.47,,-273283130.36,,,-558484072.23,,-141067825.39,0.0,-162684524.83,,138646515.43,,0.0,,-219897735.9,,-69306994.93,,,136273907.32,-418284291.49,,,,,,,-85315107.74,,,,,711683953.34,0.0,,,-688742193.7,238322527.610001,0.0,1083200885.76,,,35905194.08,12317120.16,,,-8144733.21,-265084410.38,,-273229143.59,,,,,,,,,,,,153199881.11,,78902733.67,0.0,-42025421.94,,-144133116.48,
Banco Original,92894922,202009,2020-09-01,2020,3,2020Q3,,,,,,,,,,,-176802225.92,,-15355505.31,,-95956498.61,,,-251679988.43,,-151937778.21,0.0,-80189012.23,,-11206182.89,,0.0,,-10326354.24,,-98218254.52,,,131712337.98,-208654920.12,,,,,,,-3988201.84,,,,,465672606.12,0.0,,,-6167870.41999984,116837084.29,0.0,353302653.65,,,39871181.95,10065091.36,,,-469667.08,5337697.56999999,,4868030.48999999,,,,,,,,,,,,213992617.69,,1700738.6,0.0,-19738533.43,,-3785711.61000001,
Banco Original,92894922,202012,2020-12-01,2020,4,2020Q4,,,,,,,,,,,-360528747.72,,-30705729.21,,-226172795.44,,,-265956130.24,,-7860748.1,0.0,-160188385.44,,-3667237.23,,0.0,,-28533907.1900005,,-173279542.05,,,192559697.23,-469797846.66,,,,,,,0.0,,,,,711179335.26,0.0,,,-2956270.09000015,214009886.8,0.0,500125718.55,,,82767509.2,18599229.09,,,-292028.32,-24574641.6400005,,-24866669.9600005,,,,,,,,,,,,445223205.02,,0.0,-4484060.92,-39021877.76,,-27438525.78,
Banco Original,92894922,202103,2021-03-01,2021,1,2021Q1,,,,,,,,,,,-200059743.22,,-18855206.9,,-61191061.65,,,-311503020.95,,-192830994.72,0.0,-84534277.75,,-30016339.8,,0.0,,26378315.51,,-13936493.64,,,117492379.48,-172376953.49,,,,,,,-12014953.32,,,,,473157679.11,0.0,,,31489686.79,60438860.3600001,0.0,377096216.46,,,37006759.63,11696341.55,,,79131903.96,-10722295.33,,68409608.63,,,,,,,,,,,,161654658.16,,4132915.5,0.0,-21186712.64,,-57480964.58,
Banco Original,92894922,202106,2021-06-01,2021,2,2021Q2,,,,,,,,,,,-438276765.81,,-48188976.18,,-205278454.27,,,-323682295.45,,-3388709.34,0.0,-166598311.89,,-52787958.67,,0.0,,66051790.9700005,,-103848634.45,,,333175961.15,-328029773.15,,,,,,,-12393777.74,,,,,699625374.060001,0.0,,,-18110215.9700003,118859752.330001,0.0,598875837.7,,,97987633.22,27720466.81,,,83320221.92,47913305.4600005,,131233527.380001,,,,,,,,,,,,375943078.61,,0.0,-1606178.53,-30001146.0,,-113408953.31,
Banco Original,92894922,202109,2021-09-01,2021,3,2021Q3,,,,,,,,,,,-242650660.03,,-31013140.1,,-222794274.77,,,-591788650.7,,-175300651.72,0.0,-90626418.38,,19132836.5,,0.0,,7049264.64000024,,-42474407.82,,,76459508.4,-226611470.77,,,,,,,-1321116.0,,,,,796595387.1,0.0,,,11934837.98,124391562.78,0.0,641264440.5,,,88935972.27,19821412.71,,,11042278.51,-21804734.3699998,,-10762455.8599998,,,,,,,,,,,,204806736.4,,19004545.84,0.0,-5063737.82,,-193693724.21,
Banco Original,92894922,202112,2021-12-01,2021,4,2021Q4,,,,,,,,,,,-479128052.82,,-56623310.74,,-582383132.0,,,-1268581210.22,,-227386896.63,0.0,-184135645.57,,23391571.81,,0.0,,12940880.6400001,,-124582318.5,,,160337554.95,-457965538.5,,,,,,,-8746321.0,,,,,1707592019.11,0.0,,,30239431.4699998,301948874.41,0.0,1350810874.41,,,189389175.14,44410600.87,,,17250359.44,-18954729.6099999,,-1704370.1699999,,,,,,,,,,,,439010808.89,,24592838.82,0.0,-7633541.83,,-458811181.59,
Banco Original,92894922,202203,2022-03-01,2022,1,2022Q1,,,,,,,,,,,-245765242.74,,-45599201.17,,-426697863.93,,,-1002259728.76,,-439343.53,0.0,-98713686.92,,117631305.07,,0.0,,-119251223.67,,-119250527.86,,,72023861.26,-293228916.8,,,,,,,-41527842.76,,,,,1100045488.09,0.0,,,-22757515.6600001,222375575.49,0.0,898749984.38,,,118785855.21,29104874.86,,,88471.49,-195443157.47,,-195354685.98,,,,,,,,,,,,97785759.3300004,,1677443.88,0.0,-3814849.44,,-575122521.3,
Banco Original,92894922,202206,2022-06-01,2022,2,2022Q2,,,,,,,,,,,-474979888.29,,-94973899.09,,-991565532.98,,,-2761951206.76,,-9133385.82,0.0,-201789882.19,,456715632.75,,0.0,,-544705526.880001,,-216766698.12,,,66334118.91,-639612524.17,,,,,,,-43148842.76,,,,,2440036971.36,0.0,,,78839107.0,460178204.5,0.0,1898486458.65,,,227012955.35,60623945.57,,,3254442.7,-961526759.570001,,-958272316.870001,,,,,,,,,,,,-321914235.400001,,2533201.21,0.0,-5073176.31,,-1761252287.96,
Banco Original,92894922,202209,2022-09-01,2022,3,2022Q3,,,,,,,,,,,-229448080.99,,-34874845.72,,-636001613.24,,,-1738011644.84,,-11855721.67,0.0,-104642839.76,,303368514.17,,0.0,,-381803761.46,,-39799107.2399997,,,17137772.33,-235022738.65,,,,,,,-810500.01,,,,,1278220910.42,0.0,,,83825073.54,206500209.95,0.0,982881207.57,,,125169454.67,32272768.21,,,10451697.45,-694813473.07,,-684361775.62,,,,,,,,,,,,-459790734.42,,5014419.36,0.0,-837860.15,,-1090154309.93,
Banco Original,92894922,202212,2022-12-01,2022,4,2022Q4,,,,,,,,,,,-554594601.62,,-63546383.17,,-1063378040.12,,,-3585345532.37,,-27394194.05,0.0,-209570566.79,,899660449.78,,0.0,,-1115576579.25,,-138206678.02,,,36646169.07,-629419478.4,,,,,,,-1621000.02,,,,,2190112198.04,0.0,,,-27053166.2000003,337776399.99,0.0,1876136697.15,,,232692438.74,67660493.76,,,11036783.72,-2024652812.73,,-2013616029.01,,,,,,,,,,,,-1395233334.33,,3252267.1,0.0,-500350.37,,-2494573298.2,
Banco Original,92894922,202303,2023-03-01,2023,1,2023Q1,,,,,,,,,,,-437378798.99,,-30151239.67,,-611030050.47,,,-1781432233.97,,-10433741.4,0.0,-93587080.59,,666803987.94,,0.0,,-819072821.570001,,-433417504.22,,,26947869.06,-830469477.11,,,,,,,-22579453.86,,,,,1146952894.41,0.0,,,51712626.03,314907472.73,0.0,779753381.82,,,105415139.65,33205139.65,,,1651461.02,-1464948816.67,,-1463297355.65,,,,,,,,,,,,-634479339.56,,579413.829999999,0.0,-1503002.0,,-1159968442.1,
Banco Original,92894922,202306,2023-06-01,2023,2,2023Q2,,,,,,,,,,,-931306896.0,,-86943490.04,,-1472110817.26,,,-3416213893.57,,-41627882.18,0.0,-182495053.88,,618286759.61,,0.0,,-748831927.02,,-116933575.77,,,100691843.03,-966606499.4,,,,,,,-43410630.91,,,,,3055973772.13,0.0,,,419167648.83,1287346858.51,0.0,1347653639.65,,,190619810.04,60541792.86,,,3138565.12,-1326846620.84,,-1323708055.72,,,,,,,,,,,,-360240121.44,,1805625.14,0.0,-780929.64,,-1902475194.13,
Banco Original,92894922,202309,2023-09-01,2023,3,2023Q3,,,,,,,,,,,-237329016.29,,-22797121.3,,-537871932.14,,,-1120202113.67,,-30108105.14,0.0,-79746147.25,,220150709.07,,0.0,,-276941194.0,,-90746333.8999998,,,8578555.88,-316453185.66,,,,,,,-10536301.11,,,,,948243804.03,0.0,,,28711884.98,165071611.85,0.0,752850125.26,,,81034784.46,10529300.87,,,1855893.34,-488411495.3,,-486555601.96,,,,,,,,,,,,-171958309.64,,1610181.94,0.0,14022791.87,,-552222076.39,
Banco Original,92894922,202312,2023-12-01,2023,4,2023Q4,,,,,,,,,,,-624184997.77,,-40838953.0,,-1160302605.54,,,-2481986534.0,,-43918544.53,0.0,-154286271.09,,570831163.47,,0.0,,-751279513.549999,,-186242972.9,,,13523133.02,-776424596.63,,,,,,,-22733951.0,,,,,1958373255.03,0.0,,,116506977.3,342012591.81,0.0,1496904381.17,,,172198750.28,17540669.55,,,661149.58,-1300037875.6,,-1299376726.02,,,,,,,,,,,,-523613278.969999,,2949304.75,0.0,25866045.28,,-1277765383.93,
Banco Original,92894922,202403,2024-03-01,2024,1,2024Q1,,,,,,,,,,,-143554074.79,,-19690706.71,,-516620642.11,,,-560002855.96,,-36484309.28,0.0,-49276443.77,,-129953329.18,,0.0,,143751786.16,,-45341694.14,,,52518764.8,-137968564.17,,,,,,,0.0,,,,,970486737.06,0.0,,,40874793.1600001,393653979.24,0.0,535903450.18,,,45071275.88,5420772.71,,,1189798.41,272515316.93,,273705115.34,,,,,,,,,,,,410483881.1,,54514.4800000004,0.0,16883541.85,,-6897904.57,
Banco Original,92894922,202406,2024-06-01,2024,2,2024Q2,,,,,,,,,,,-271289093.14,,-33442657.36,,-1060764743.44,,,-1242926449.12,,-71772428.6,0.0,-94722864.25,,-167441997.09,,0.0,,184351289.38,,-63940641.88,,,320425851.58,-41154206.09,,,,,,,-10300873.45,,,,,1642885867.79,0.0,,,-75096719.1300001,602784009.69,0.0,1115198577.23,,,57963475.61,9725933.91,,,3288947.34,358805212.58,,362094159.92,,,,,,,,,,,,399959418.67,,0.0,-1299974.44,34125789.44,,-109089302.64,
Banco Original,92894922,202409,2024-09-01,2024,3,2024Q3,,,,,,,,,,,-128346913.92,,-10366834.39,,-617340532.54,,,-681801381.89,,-13986456.46,0.0,-56287403.36,,2095697.72,,0.0,,1499888.78999997,,-46878163.91,,,40150301.04,-171825883.98,,,,,,,-7635123.59,,,,,859197203.75,0.0,,,57961951.4099998,211010996.39,0.0,590224255.95,,,5918112.94,2815289.39,,,1469376.78,5569937.87999997,,7039314.65999997,,,,,,,,,,,,177395821.86,,0.0,-400045.24,21169728.23,,-50074347.65,
Banco Original,92894922,202412,2024-12-01,2024,4,2024Q4,,,,,,,,,,,-308450644.81,,-16796131.5,,-1261038699.94,,,-1479942264.25,,-69345812.0,0.0,-104861338.39,,122731956.98,,0.0,,-165892707.870001,,-50125953.06,,,507678319.59,96315544.9,,,,,,,-15975586.53,,,,,1108743458.31,0.0,,,-326112268.63,243896914.66,0.0,1190958812.28,,,13933225.29,4069727.42,,,2234182.72,-274883261.040001,,-272649078.320001,,,,,,,,,,,,-371198805.940001,,0.0,-1193125.42,50868340.36,,-148364626.89,
Banco Original,92894922,202503,2025-03-01,2025,1,2025Q1,0.0,28022642.0,33602872.19,-80719871.38,-1714370.0,123256622.6,-292503251.93,0.0,28945580186.32,-748119758.87,,-87938735.17,,-7340867.67,,-711899916.53,-36477371.08,,0.0,,,,-41082138.88,,-33426740.57,,16525164.4099999,,-12470457.79,,25503686.49,-114847790.08,,,3856960.74,0.0,-6316908.88,47947362.73,24474129.85,16025762.12,,-3094816.23,19934966.2,506774389.79,171481482.81,,,18220596.2,0.0,,,,,266767909.71,732132.25,,,893757.82,221110117.12,,,53046721.2099999,,311478835.77,50014845.12,-108005.66,0.0,53844241.46,36908.1,-4571688.0,813389.22,371835.89,0.0,0.0,,167894511.29,,,,3358168.49,,0.0
Banco Original,92894922,202506,2025-06-01,2025,2,2025Q2,0.0,27859116.0,88342950.69,-173800141.78,-1685445.42,230301511.6,-489911034.71,0.0,30583907472.57,-1622690093.84,,-170622507.82,,-11810749.78,,-1579131785.99,-288026579.41,,0.0,,,,-90474357.31,,-3318799.95999999,,11929338.6399998,,-33808088.32,,62203190.2999999,-217326762.66,,,7581184.11,0.0,-12943061.97,120322681.2,32813581.96,71644950.85,,-13495847.38,40723147.57,1038593713.95,342469308.93,,,39037702.15,0.0,,,,,609355377.2,1320074.66,,,2368932.98,502457210.47,,,28743985.9799998,,755164429.05,85571639.31,-110908.26,0.0,101534692.67,35933074.78,-52568454.36,783234.48,459981.99,0.0,0.0,,246070748.64,,,,16775651.19,,0.0
Banco Original,92894922,202509,2025-09-01,2025,3,2025Q3,0.0,-4418748.0,-12764870.4,-11183769.0,51833545.49,469440.0,-99163027.13,0.0,33578473409.41,-874922498.08,,-87343715.35,,-5701990.29,,-892568628.94,-25096213.29,,0.0,,,,-53603883.79,,10364685.72,,-14249505.4400003,,-9259179.12000004,,25751339.15,-107401407.08,,,6773000.5,0.0,-6931801.86,66120217.97,-43887482.63,105762479.73,,-10759863.59,22061212.52,598538296.8,184107123.73,,,73894758.01,0.0,,,,,451069039.04,532448.84,,,1234244.0,277104733.06,,,-13854327.5700003,,79060523.9499998,63430200.87,-5530.4,0.0,74973862.21,0.0,-11115255.88,-422875.06,83456.32,0.0,0.0,,93547079.5099997,,,,14665321.5,,0.0
Banco Pine,62144175,201903,2019-03-01,2019,1,2019Q1,,,,,,,,,,,-21241570.96,,-7750945.07,,-130915188.22,,,-109177992.76,,-7847040.2,0.0,-20697374.49,,-4964598.62,,0.0,,-40745905.8199997,,-35649233.58,,,12297856.62,-76529323.25,,,,,,,-9516493.82,,,,,142155954.16,0.0,,,5031253.96000004,51202369.7200003,0.0,73371691.74,,,8187116.26,605789.87,,,17286548.47,-43551361.8499997,,-26264813.3799997,,,,,,,,,,,,32977961.4000003,,12550638.74,0.0,-12280961.9,,29584235.66,
Banco Pine,62144175,201906,2019-06-01,2019,2,2019Q2,,,,,,,,,,,-47611010.62,,-8745739.36,,-274376615.46,,,-232601704.2,,-13846992.66,0.0,-39224919.16,,11500761.99,,0.0,,-70639184.9900004,,-50731709.49,,,47840134.17,-89596197.83,,,,,,,-21046174.33,,,,,246688318.66,0.0,,,10886032.8400002,68798597.8099995,0.0,156657531.31,,,13416532.33,1413851.98,,,14415810.72,-75509583.3700004,,-61093772.6500004,,,,,,,,,,,,14086614.4599996,,10346156.7,0.0,-5953337.68,,55621903.92,
Banco Pine,62144175,201909,2019-09-01,2019,3,2019Q3,,,,,,,,,,,-19687739.8,,-1200654.48,,-134814992.8,,,-178941701.82,,-25183603.82,0.0,-19880571.4,,19536726.72,,0.0,,-23825165.8800001,,-5070360.6,,,4696638.14,-26566628.04,,,,,,,-4153270.58,,,,,166475478.48,0.0,,,-33654541.5999999,55526299.2199998,0.0,93586340.48,,,7936251.0,2415200.31,,,-175770.64,-39032851.3800001,,-39208622.0200001,,,,,,,,,,,,-12466223.3400001,,51017380.38,0.0,4224608.79,,-18943105.2,
Banco Pine,62144175,201912,2019-12-01,2019,4,2019Q4,,,,,,,,,,,-43571701.39,,-3358948.86,,-257727531.89,,,-437246449.72,,-30352490.26,0.0,-43642874.44,,154901504.58,,0.0,,-47568735.0900003,,-16010468.36,,,8250665.11,-77574071.13,,,,,,,-19765150.95,,,,,327083695.66,0.0,,,-15661339.2199998,114908256.25,0.0,174332186.97,,,15995390.69,4931637.25,,,5031736.47,-187736825.19,,-182705088.72,,,,,,,,,,,,-110162754.06,,53504591.66,0.0,-167771.130000001,,-149166427.57,
Banco Pine,62144175,202003,2020-03-01,2020,1,2020Q1,,,,,,,,,,,-24136829.39,,-746725.39,,-121379747.24,,,-126707729.83,,-37829971.93,0.0,-23431205.7,,38755901.77,,0.0,,-2282321.64999997,,-5204844.2,,,11153842.05,-45997218.76,,,,,,,-1777274.26,,,,,129317739.78,0.0,,,-111128537.57,48609913.7800002,0.0,69239031.93,,,5796115.47,1829049.62,,,4126259.65,-43387208.81,,-39260949.16,,,,,,,,,,,,2610009.95000005,,122597331.64,0.0,-11256621.22,,32501989.34,
Banco Pine,62144175,202006,2020-06-01,2020,2,2020Q2,,,,,,,,,,,-45817303.82,,-1856934.11,,-231900500.3,,,-240990227.11,,-46254720.44,0.0,-44712116.04,,29821694.62,,0.0,,881693.56000029,,-15828571.31,,,14733858.04,-91086036.85,,,,,,,-5453304.64,,,,,303240407.5,0.0,,,-127470316.83,129779403.55,0.0,144445246.42,,,11492297.5,3471907.34,,,5349160.04,-28835856.4599997,,-23486696.4199997,,,,,,,,,,,,62250180.3900003,,156486074.36,0.0,-12569174.45,,37164993.63,
Banco Pine,62144175,202009,2020-09-01,2020,3,2020Q3,,,,,,,,,,,-19482854.94,,-2107295.44,,-114796731.33,,,-111356176.81,,-6964805.23,0.0,-20030400.43,,6244986.89,,0.0,,-11236800.5899998,,-4657097.93,,,3341926.45,-32960893.09,,,,,,,-1874092.73,,,,,127595643.93,0.0,,,-10960237.3099999,52607181.3400002,0.0,56846838.29,,,7195850.27,3186827.02,,,1113731.22,-16721425.9699998,,-15607694.7499998,,,,,,,,,,,,16239467.1200002,,29101861.61,0.0,-407848.09,,10405359.75,
Banco Pine,62144175,202012,2020-12-01,2020,4,2020Q4,,,,,,,,,,,-41722651.45,,-3940319.82,,-257998567.53,,,-284376702.36,,-5694924.77,0.0,-42281936.02,,42896130.51,,0.0,,-64505122.8800002,,-30796644.02,,,9491173.34,-97913586.15,,,,,,,-15931608.68,,,,,290813660.75,0.0,,,55854406.29,119485799.91,0.0,115473454.55,,,11942687.44,5985432.2,,,6983.04999999888,-91476627.7600002,,-91469644.7100002,,,,,,,,,,,,6436958.38999981,,0.0,-15434635.16,-6591327.82,,-5248574.9,
Banco Pine,62144175,202103,2021-03-01,2021,1,2021Q1,,,,,,,,,,,-20438462.27,,-2470734.19,,-163280321.81,,,-164240978.08,,-10651802.32,0.0,-21479607.31,,1363148.06,,0.0,,529717.079999867,,-17857186.17,,,4493824.87,-46590077.01,,,,,,,-336164.46,,,,,206773944.87,0.0,,,-47939237.4900002,91549080.6500001,0.0,95245049.5,,,5257391.0,2165519.74,,,3559843.7,-4057110.22000013,,-497266.520000133,,,,,,,,,,,,42532966.7899999,,67919052.21,0.0,3739177.32,,9691146.05,
Banco Pine,62144175,202106,2021-06-01,2021,2,2021Q2,,,,,,,,,,,-40736548.1,,-5163691.91,,-355103767.8,,,-356738877.69,,-3863960.72,0.0,-42361317.09,,31515.0,,0.0,,1782520.92000025,,-39342490.11,,,6334822.36,-99787172.32,,,,,,,-4790475.01,,,,,444653228.88,0.0,,,60175042.1599998,188021534.31,0.0,190186373.84,,,10997513.63,4236651.24,,,18414302.06,-11872821.1299998,,6541480.93000025,,,,,,,,,,,,87914351.1900002,,6270278.56999999,0.0,6247887.66,,2228850.83,
Banco Pine,62144175,202109,2021-09-01,2021,3,2021Q3,,,,,,,,,,,-23826938.31,,-419006.69,,-207702786.69,,,-202494344.8,,-4793851.39,0.0,-22980636.85,,-2402945.6,,0.0,,2679537.01999989,,-10358438.75,,,5292798.49,-41221060.92,,,,,,,-4710383.88,,,,,246349510.89,0.0,,,-56506849.6500001,116668839.29,0.0,124160336.03,,,5403054.95,2702045.61,,,7158761.33,2634105.16999989,,9792866.49999989,,,,,,,,,,,,43855166.0899999,,62027185.22,0.0,2966060.63,,10002293.28,
Banco Pine,62144175,202112,2021-12-01,2021,4,2021Q4,,,,,,,,,,,-48448368.82,,-1150806.08,,-460731988.08,,,-463462603.49,,-7982821.93,0.0,-47161979.38,,-3545076.91,,0.0,,4102507.85000011,,-15432559.0,,,13133631.96,-78179088.73,,,,,,,-11269066.27,,,,,548285200.9,0.0,,,-55987896.2199993,259119561.389999,0.0,260310364.94,,,9928039.7,7169579.75,,,12273142.35,6643508.68000011,,18916651.0300001,,,,,,,,,,,,84822597.4100001,,84843170.79,0.0,3783373.14,,5252206.52,
Banco Pine,62144175,202203,2022-03-01,2022,1,2022Q1,,,,,,,,,,,-20680779.08,,-4081894.01,,-286095941.55,,,-345884010.26,,-2318831.56,0.0,-24998569.28,,-2623377.98,,0.0,,1865535.86999986,,-20336422.44,,,5996513.28,-65145528.89,,,,,,,-2129855.17,,,,,413186883.15,0.0,,,107017135.82,153163742.32,0.0,153006005.01,,,4040682.05,2475615.21,,,4461425.02,2157343.99999986,,6618769.01999986,,,,,,,,,,,,67302872.8899999,,0.0,-63295481.14,-7560674.62,,5826243.99,
Banco Pine,62144175,202206,2022-06-01,2022,2,2022Q2,,,,,,,,,,,-35345704.65,,-5151453.13,,-603128974.64,,,-630013523.27,,-356327.43,0.0,-51156719.02,,-8981414.1,,0.0,,6349515.33999971,,-23900554.03,,,4625489.31000001,-102642897.11,,,,,,,-4109354.24,,,,,737321546.84,0.0,,,52932387.6899996,319501989.0,0.0,364887170.15,,,8075607.79,6170512.15,,,14775157.22,4665126.45999971,,19440283.6799997,,,,,,,,,,,,107308023.57,,0.0,-5090545.01000002,-5960075.53,,-21437676.19,
Banco Pine,62144175,202209,2022-09-01,2022,3,2022Q3,,,,,,,,,,,-21984912.3,,-1461395.57,,-306445948.27,,,-313433581.84,,-1655768.38,0.0,-24500758.1,,-7469050.2,,0.0,,12212738.11,,-5106306.14,,,18442839.88,-16435761.2,,,,,,,-20457780.44,,,,,337450233.63,0.0,,,29827114.6999998,105089169.05,0.0,174756360.95,,,4984342.18,6466189.94,,,32558678.16,7580890.59000003,,40139568.75,,,,,,,,,,,,24016651.79,,27777588.93,0.0,6724238.91,,-5331865.19,
Banco Pine,62144175,202212,2022-12-01,2022,4,2022Q4,,,,,,,,,,,-48370935.9,,-6510747.79,,-621141637.8,,,-635490787.45,,-1384733.11,0.0,-48828511.7,,-13552325.66,,0.0,,34606999.4700003,,-18324695.67,,,22546849.82,-63870229.69,,,,,,,-20535438.98,,,,,719143524.23,0.0,,,76957253.0299997,243380435.6,0.0,377441595.2,,,9233743.24,15137497.67,,,48912257.02,19782507.0900003,,68694764.1100003,,,,,,,,,,,,83652736.7800003,,21364240.4,0.0,11246570.64,,-12964416.54,
Banco Pine,62144175,202303,2023-03-01,2023,1,2023Q1,,,,,,,,,,,-31302949.56,,-3652564.43,,-414461335.01,,,-445715326.59,,-123105.59,0.0,-26465377.34,,-25599862.62,,0.0,,30586551.4300001,,-24702175.93,,,30606290.82,-54784536.48,,,,,,,-784261.85,,,,,546829655.85,0.0,,,66648837.46,204911540.27,0.0,273161464.98,,,4209694.27,2702634.2,,,10640883.12,46329792.7800001,,56970675.9000001,,,,,,,,,,,,101114329.26,,2107813.13999999,0.0,-6180088.51,,-31130885.99,
Banco Pine,62144175,202306,2023-06-01,2023,2,2023Q2,,,,,,,,,,,-76366035.93,,-12506939.46,,-881552444.96,,,-900596905.42,,-181479.04,0.0,-53326943.18,,-38594914.83,,0.0,,73437219.2000002,,-119508997.55,,,41337617.31,-199014314.22,,,,,,,-15515302.11,,,,,1211113864.85,0.0,,,107834740.33,372725984.13,0.0,730553140.39,,,11706441.01,6887848.91,,,16044790.93,111502645.21,,127547436.14,,,,,,,,,,,,310516959.43,,0.0,-4078272.03000003,2762694.67,,-14784709.39,
Banco Pine,62144175,202309,2023-09-01,2023,3,2023Q3,,,,,,,,,,,-35221535.95,,-9903086.17,,-400655974.74,,,-444631837.23,,-8838961.46,0.0,-28391070.14,,-18538848.1,,0.0,,45223884.1099994,,-12508628.96,,,11055393.02,-62906924.55,,,,,,,-27202440.16,,,,,602167742.459999,0.0,,,56765822.6700001,210696351.179999,0.0,289743946.98,,,6274360.08,2642879.18,,,-3663808.31,94628980.6799994,,90965172.3699994,,,,,,,,,,,,157535905.229999,,44961621.63,0.0,3144764.39,,-35136901.03,
Banco Pine,62144175,202312,2023-12-01,2023,4,2023Q4,,,,,,,,,,,-85973649.73,,-15909856.0,,-907662311.78,,,-891907826.02,,-12076177.82,0.0,-56151324.67,,-30458652.08,,0.0,,107441064.150001,,-113933009.18,,,13655936.74,-234022661.48,,,,,,,-30655839.93,,,,,1292893637.2,0.0,,,47705250.1300001,472148213.43,0.0,727642058.41,,,13560017.36,6648590.96,,,1592406.46,166963149.700001,,168555556.160001,,,,,,,,,,,,400985811.180001,,45398115.23,0.0,4080633.04,,27830663.58,
Banco Pine,62144175,202403,2024-03-01,2024,1,2024Q1,,,,,,,,,,,-32213349.87,,-3443101.81,,-444524130.69,,,-463701566.36,,-2954220.84,0.0,-30288506.49,,-29976850.61,,0.0,,62978339.1399999,,-24751533.68,,,44846713.52,-27014111.11,,,,,,,-46386163.13,,,,,625420861.47,0.0,,,75189643.27,229450464.88,0.0,284734206.43,,,4525634.37,2079808.54,,,4636168.88,134705184.0,,139341352.88,,,,,,,,,,,,161719295.11,,36046546.89,0.0,12230224.31,,-16223214.83,
Banco Pine,62144175,202406,2024-06-01,2024,2,2024Q2,,,,,,,,,,,-85306322.4,,-10146844.7,,-879927542.72,,,-957182465.94,,-35406429.56,0.0,-60592802.81,,-32242907.6,,0.0,,126812320.210001,,-62040304.8,,,55837710.71,-97996074.07,,,,,,,-64638762.92,,,,,1273641517.46,0.0,,,188156933.83,394663871.780001,0.0,565111493.32,,,8281460.78,2779620.35,,,5231013.28,218462977.450001,,223693990.730001,,,,,,,,,,,,316459051.520001,,125709218.53,0.0,53191408.8,,-41848493.66,
Banco Pine,62144175,202409,2024-09-01,2024,3,2024Q3,,,,,,,,,,,-45800960.63,,-7606311.39,,-527280753.38,,,-612739478.55,,-42168719.16,0.0,-32633936.83,,-23130156.58,,0.0,,64348294.5499998,,-49734766.34,,,17866986.75,-89792410.56,,,,,,,-3842899.78,,,,,785991881.06,0.0,,,92482335.8799996,253127996.94,0.0,438124296.52,,,4240536.84,1409143.61,,,7861358.96,83459991.9499997,,91321350.9099998,,,,,,,,,,,,173252402.51,,2257251.72,0.0,22466897.43,,-43290006.01,
Banco Pine,62144175,202412,2024-12-01,2024,4,2024Q4,,,,,,,,,,,-98699698.21,,-11797538.03,,-900556530.98,,,-1040619765.52,,-116309006.92,0.0,-65360615.51,,-1930793.06,,0.0,,131436130.09,,-160704341.96,,,20738234.62,-239577328.78,,,,,,,-7742935.68,,,,,1411381055.92,0.0,,,42224255.0200005,657449701.73,0.0,630023607.64,,,8742606.43,2489961.27,,,9925897.21,131183961.62,,141109858.83,,,,,,,,,,,,370761290.4,,81683491.53,0.0,65014062.61,,-23754227.62,
Banco Pine,62144175,202503,2025-03-01,2025,1,2025Q1,8897245.27,93304837.56,-179903227.46,0.0,0.0,0.0,0.0,-71677226.06,28194741423.89,-792014917.12,,-56191387.37,,-1472719.39,,-796687957.78,0.0,,0.0,,,,-34497316.24,,-38767615.17,,73481948.5400004,,-74670116.13,,188289080.48,34825451.1500001,,,10994418.05,0.0,-4673040.66,44019243.7,2911654.26,-614972613.72,,-35291889.09,29343811.04,421399992.44,1133654858.46,,,38241056.31,0.0,,,,,517616484.26,7782153.87,,,570668.75,267101791.22,,,147541452.8,,71730785.4300003,-37087555.36,0.0,0.0,32385074.0,0.0,-79927576.87,10454947.51,0.0,0.0,0.0,,112716001.65,,,,1802823.0,,0.0
Banco Pine,62144175,202509,2025-09-01,2025,3,2025Q3,0.0,2095898.76000002,-40270720.42,0.0,0.0,-1945585.56,0.0,-29034828.67,30771937067.21,-838633638.96,,-102454800.69,,-18685709.94,,-845841665.72,-20885871.39,,0.0,,,,-38626864.57,,-41758813.42,,103632964.77,,-128076378.2,,109462974.04,-147670518.9,,,2507391.71,0.0,-5262441.2,13992513.63,36758784.7,8760475.09,,-19447465.24,29675607.43,673217915.02,533644835.79,,,29675607.43,0.0,,,,,712072598.48,13391822.9,,,977001.39,473099761.79,,,164839243.43,,103138343.65,-166647754.25,0.0,0.0,-73459523.07,0.0,-38799570.63,-54388660.55,30393.14,514405.81,514405.81,,311995356.52,,,,27195474.22,,0.0
