NomeBanco,CodInst,AnoMes,DataRef,Ano,Trimestre,AnoTri,AtivoTotal,Captacoes,CarteiraCreditoSimples,CarteiraCredito,LucroLiquido,PassivoTotal,PassivoExigivel,PatrimonioLiquido,TVM,Alavancagem,CoberturaCapt,CreditoSobreAtivo,ROE,CrescAtivo_QoQ,CrescAtivo_YoY,AtivoBase100,CrescPL_QoQ,CrescPL_YoY
Banco Daycoval,62232889,201903,2019-03-01,2019,1,2019Q1,28284556643.83,20813626719.8,,16822705019.85,215637993.91,24877390449.21,,3407166194.62,,8.301490161675124,0.7358654046408851,0.594766438508758,0.06328954374180448,,,100.0,,
Banco Daycoval,62232889,201906,2019-06-01,2019,2,2019Q2,29944505233.74,22271006594.47,,17740091476.32,378747578.31,26426506468.04,,3517998765.7,,8.511800949362113,0.7437426806897488,0.5924322789054245,0.10765995201667959,0.05868745304417211,,105.86874530441722,0.0325292529771537,
Banco Daycoval,62232889,201909,2019-09-01,2019,3,2019Q3,31016244721.34,22550079040.63,,19031941656.8,268316155.44,27279544720.09,,3736700001.25,,8.30043747450008,0.7270409181777879,0.6136120548373646,0.07180564544925816,0.035790856427055484,,109.65787836772012,0.06216637643034639,
Banco Daycoval,62232889,201912,2019-12-01,2019,4,2019Q4,34225839371.64,26285921895.82,,22379793387.2,641497906.51,30530680844.12,,3695158527.52,,9.262346694124275,0.7680139443884867,0.6538858885004937,0.17360497573578806,0.10348108480365825,,121.00539457847938,-0.011117155167956638,
Banco Daycoval,62232889,202003,2020-03-01,2020,1,2020Q1,37710950944.58,28754207490.01,,21228916362.71,395879803.93,33814265338.86,,3896685605.72,,9.677699142374628,0.7624895890922286,0.5629377098951444,0.10159398113845326,0.10182691314293413,0.33327000382048677,133.32700038204868,0.05453814138124535,0.14367347617881499
Banco Daycoval,62232889,202006,2020-06-01,2020,2,2020Q2,40027038553.33,30440268997.82,,21396773819.68,655063022.26,35906297274.39,,4120741278.94,,9.713552937161435,0.7604926594122852,0.5345580036147821,0.15896727746724865,0.06141684446392559,0.3367072937384685,141.51552402735473,0.057499037872366765,0.1713310758140838
Banco Daycoval,62232889,202009,2020-09-01,2020,3,2020Q3,43884575514.27,33638264649.85,,26137020074.7,288151745.67,39530402419.09,,4354173095.18,,10.078739304794638,0.7665168058629577,0.5955855734824413,0.0661782936440858,0.09637327917228777,0.41489003290189563,155.15383913165556,0.056648015596855616,0.1652455625882312
Banco Daycoval,62232889,202012,2020-12-01,2020,4,2020Q4,49345624566.91,38956535058.12,,31546747893.72,527552580.22,44919752118.66,,4425872448.25,,11.149355329121917,0.7894628024273367,0.6393018260604709,0.11919742070935539,0.12444119576510948,0.44176521227404764,174.46136840074624,0.016466812757023774,0.19774900461994993
Banco Daycoval,62232889,202103,2021-03-01,2021,1,2021Q1,51624167766.22,40604382538.68,,31197652099.29,436693017.0,46768508665.43,,4855659100.79,,10.631752908234624,0.7865382493439296,0.6043226157285196,0.08993485908616432,0.04617518208165383,0.3689436747985182,182.51715385286516,0.09710778102291195,0.24609978635749052
Banco Daycoval,62232889,202106,2021-06-01,2021,2,2021Q2,53079993198.74,41174038782.53,,33413351474.91,733337877.73,47926359120.34,,5153634078.4,,10.29952697286169,0.77569789107485,0.6294905003059261,0.14229529426692875,0.028200462990758624,0.3261034320093128,187.66422209527147,0.06136653571119122,0.2506570370575889
Banco Daycoval,62232889,202109,2021-09-01,2021,3,2021Q3,56852456543.06,44071231873.08,,34013397229.98,334716604.249999,51509614270.35,,5342842272.71,,10.640863727804424,0.7751860614800434,0.5982748907994553,0.06264766713396235,0.07107128537479834,0.29549974852948546,201.00175957844405,0.03671354842653907,0.22706244237842554
Banco Daycoval,62232889,202112,2021-12-01,2021,4,2021Q4,61091617355.64,48225690658.91,,38941800547.1,680860634.32,56110339776.16,,4981277579.48,,12.264246748123885,0.7893994748603229,0.6374327973738754,0.13668393769597473,0.07456425052397275,0.2380351427673808,215.9893051354105,-0.06767272451159356,0.12549054174609298
Banco Daycoval,62232889,202203,2022-03-01,2022,1,2022Q1,59770802147.78,46460820544.41,,34230636760.17,196134407.62,54654253418.93,,5116548728.85,,11.681859260082554,0.7773163296276031,0.5726982996737545,0.03833334108870753,-0.021620236376637125,0.15780659977807332,211.31956530355734,0.027155914765167877,0.05372898357249878
Banco Daycoval,62232889,202206,2022-06-01,2022,2,2022Q2,63464216563.58,49404044762.51,,38164447602.53,468068274.980001,58189511826.57,,5274704737.01,,12.03180457064884,0.7784551269614401,0.6013537969746451,0.08873828931045123,0.06179295380156091,0.19563347203078574,224.37762543972596,0.03091068150455145,0.02349228850325913
Banco Daycoval,62232889,202209,2022-09-01,2022,3,2022Q3,65360208047.67,52185751143.97,,40044738478.59,256832715.96,59912963876.61,,5447244171.06,,11.998765980587814,0.7984330635225135,0.6126776470690494,0.04714911024633249,0.02987496871076223,0.14964615465940745,231.0808999791329,0.032710728401416755,0.019540516642847727
Banco Daycoval,62232889,202212,2022-12-01,2022,4,2022Q4,67371937149.6,54017450979.31,,43514079296.76,634858294.599999,61633478421.07,,5738458728.53,,11.74042375083151,0.8017796914368628,0.6458784048339978,0.1106321966634808,0.030779111052748886,0.10280166192686657,238.19336466175977,0.05346089661578923,0.15200541165767412
Banco Daycoval,62232889,202303,2023-03-01,2023,1,2023Q1,64441146404.82,51618606121.55,,41024722313.09,231041412.62,58580019272.05,,5861127132.77,,10.994667910294034,0.8010193642006513,0.6366230987787249,0.039419280180467364,-0.04350165467666678,0.07813755360841301,227.83155916597053,0.021376542037346624,0.1455235635149228
Banco Daycoval,62232889,202306,2023-06-01,2023,2,2023Q2,69678097569.52,54991601700.33,,39224421617.65,458862511.01,63691469919.85,,5986627649.67,,11.638956295095596,0.7892236386830621,0.5629376086009606,0.07664791229086944,0.08126719428300389,0.09791156879270368,246.34679074851115,0.021412351934547935,0.13496924437585833
Banco Daycoval,62232889,202309,2023-09-01,2023,3,2023Q3,69762921348.01,56191886991.46,,39729212238.32,320708779.6,63558017880.82,,6204903467.19,,11.243192052366187,0.8054692364608508,0.5694889415558181,0.05168634472652621,0.0012173664529999684,0.06736076019110748,246.64668506737257,0.03646056349137261,0.13909038631961357
Banco Daycoval,62232889,202312,2023-12-01,2023,4,2023Q4,74148005946.51,60026280010.56,,43016677463.07,643066176.81,68011626237.42,,6136379709.09,,12.083347097421688,0.8095467874599711,0.5801461133574114,0.1047956950671431,0.06285695199925989,0.10057702188173212,262.150143911429,-0.011043484957072414,0.06934283217576342
Banco Daycoval,62232889,202403,2024-03-01,2024,1,2024Q1,71962017448.97,60624495726.93,,41043688907.47,367968194.33,65558192483.96,,6403824965.01,,11.237349215845974,0.8424513080100942,0.5703521157751736,0.05746068893833755,-0.029481419893030658,0.11670914413756406,254.42158544375775,0.043583557178481946,0.09259274196693945
Banco Daycoval,62232889,202406,2024-06-01,2024,2,2024Q2,77170502105.03,64246702167.46,,41989155418.96,806055685.0,70428042275.55,,6742459829.48,,11.445452261742528,0.8325292749815136,0.5441088793463109,0.11954920094231627,0.07237824675709592,0.10752883326119211,272.83617373533764,0.05288009374401614,0.12625341411565216
Banco Daycoval,62232889,202409,2024-09-01,2024,3,2024Q3,74179314233.45,60980680196.7,,39355001938.83,450637667.56,67089475145.78,,7089839087.67,,10.462764149676666,0.8220712314053952,0.5305387673843375,0.06356105716753259,-0.038760767261938445,0.06330573319040034,262.26083430454435,0.051521146135889095,0.14261875711029548
Banco Daycoval,62232889,202412,2024-12-01,2024,4,2024Q4,85226039215.54,67749568925.13,,45309514388.14,883223255.01,78152617555.25,,7073421660.29,,12.048771204182087,0.7949397807140689,0.5316393300121629,0.12486506494705267,0.14891921145731812,0.14940433161508948,301.31651094531554,-0.0023156276435880585,0.1527027328201238
Banco Daycoval,62232889,202503,2025-03-01,2025,1,2025Q1,75774111482.28,62834423349.32,42758564523.61,,451812227.750001,,68370499683.56,7403611798.72,17735875770.76,10.23474940911684,0.829233390140299,,0.06102592086582851,-0.11090422387641052,0.052973695964169565,267.8992371577773,0.04668039801496349,0.15612338550362592
Banco Daycoval,62232889,202506,2025-06-01,2025,2,2025Q2,80820455406.15,65595419322.81,47125369590.56,,867720753.599998,,73153550305.73,7666905100.42,15999400645.02,10.54147069092098,0.8116190263117293,,0.11317744803603523,0.0665972035191742,0.04729725998351508,285.7405771774053,0.03556281837271924,0.13710801314648635
Banco Daycoval,62232889,202509,2025-09-01,2025,3,2025Q3,85727556998.69,69280810286.47,44763625555.39,,473258290.77,,77747136562.34,7980420436.35,19557326283.82,10.742235660693982,0.8081509926560566,,0.05930242579881591,0.060716084410563864,0.155680096056112,303.0896261808319,0.04089203294205701,0.12561376043481975
Banco Inter,416968,201903,2019-03-01,2019,1,2019Q1,5958110966.61,4470655466.94,,3541533746.08,12074941.9300001,5010025728.74,,948085237.87,,6.284362131822336,0.7503478018442612,0.5944054694394245,0.01273613536808997,,,100.0,,
Banco Inter,416968,201906,2019-06-01,2019,2,2019Q2,6759375009.89,5077418586.86,,3888972089.35,45002264.3199999,5786723424.89,,972651585.0,,6.949430931004961,0.7511668725926522,0.5753449222242941,0.04626761012269353,0.13448290033038734,,113.44829003303873,0.025911538486973473,
Banco Inter,416968,201909,2019-09-01,2019,3,2019Q3,9257930385.51,6294961317.68,,4371408711.85,10608771.35,7069712658.25,,2188217727.26,,4.230808602900048,0.6799534081107939,0.47217990736805354,0.004848133354300115,0.3696429584043246,,155.38365158676302,1.2497446783680513,
Banco Inter,416968,201912,2019-12-01,2019,4,2019Q4,10038702890.87,6985159262.3,,4756329461.89,33877111.77,7837684371.98,,2201018518.89,,4.560935223722079,0.69582289049045,0.4737992062914609,0.01539156144269274,0.08433553427686413,,168.48801486122278,0.005849871093964731,
Banco Inter,416968,202003,2020-03-01,2020,1,2020Q1,10488150201.28,7363564846.0,,5140559747.34,-9869978.18000004,8340198023.71,,2147952177.57,,4.882860200893928,0.7020842288377346,0.4901302564023762,-0.004595064211888575,0.04477145257668336,0.7603146802832152,176.0314680283215,-0.024109902240514347,1.2655686343093597
Banco Inter,416968,202006,2020-06-01,2020,2,2020Q2,12394389206.65,9183172231.97,,5623400993.56,-9572146.32999998,10279227876.48,,2115161330.17,,5.859784324656614,0.7409136568862081,0.45370537424650664,-0.00452549230806458,0.18175168821832433,0.8336590570156428,208.02548452201898,-0.015266097514841648,1.1746341267412834
Banco Inter,416968,202009,2020-09-01,2020,3,2020Q3,16436338984.34,11589910808.75,,6865179193.83,-12370692.2,13184379648.36,,3251959335.98,,5.054287980322115,0.7051394364519059,0.41768298891686984,-0.0038040734590772513,0.32611125165581867,0.7753794098587354,275.8649356558027,0.5374521506208858,0.4861223796280889
Banco Inter,416968,202012,2020-12-01,2020,4,2020Q4,19766471206.9,14385973897.21,,8689450847.74,2375429.49999996,16463783455.18,,3302687751.72,,5.984965183767634,0.7277967699256406,0.439605570300617,0.0007192413205768136,0.20260790591705624,0.9690264192276485,331.7573525849683,0.015599338890476044,0.5005270166402711
Banco Inter,416968,202103,2021-03-01,2021,1,2021Q1,21136965194.81,15361189748.46,,10117382960.7,14871615.45,17970169545.73,,3166795649.08,,6.674559250752601,0.7267452828200619,0.4786582590004092,0.0046961083372463325,0.06933427689569571,1.015318696735521,354.75950873127744,-0.04114591292174952,0.47433247450724325
Banco Inter,416968,202106,2021-06-01,2021,2,2021Q2,29946705689.23,18106528010.3,,12396037586.22,24560248.66,21386583416.41,,8560122272.82,,3.498396954482348,0.6046250361625523,0.4139366017370684,0.0028691469440785228,0.4167930643412874,1.4161501781114474,502.62081147959634,1.7030864070142449,3.0470304324881
Banco Inter,416968,202109,2021-09-01,2021,3,2021Q3,33356568192.74,21075981988.39,,14584339889.45,14163204.9700001,24991967785.28,,8364600407.46,,3.987825666243521,0.6318390389145953,0.4372254305412706,0.001693231508987398,0.11386436087146379,1.0294402679648451,559.851408939417,-0.02284101314543352,1.5721725099429236
Banco Inter,416968,202112,2021-12-01,2021,4,2021Q4,36488605557.12,23309547220.61,,16996149381.68,10065369.5300003,27999965181.51,,8488640375.61,,4.298521782352914,0.6388171557863663,0.4657933380072276,0.0011857457831433924,0.09389567134971877,0.8459848080714936,612.4190328378696,0.014829156457895287,1.5702218961478325
Banco Inter,416968,202203,2022-03-01,2022,1,2022Q1,38265336857.96,24540009945.07,,17902820587.88,17003110.46,29837167804.54,,8428169053.42,,4.540171965633818,0.6413117447825409,0.4678600022347859,0.0020174145003772135,0.048692770625576864,0.8103515100339818,642.2394123305817,-0.0071237936246832945,1.6614186664897388
Banco Inter,416968,202206,2022-06-01,2022,2,2022Q2,40558432147.98,26466662629.56,,19154234476.8,28998405.84,32209881973.04,,8348550174.94,,4.858140790687827,0.6525563545699871,0.4722626951385735,0.003473466078822292,0.05992617544520562,0.3543537165280384,680.7263640317299,-0.009446758599092497,-0.024716013526089653
Banco Inter,416968,202209,2022-09-01,2022,3,2022Q3,43556859757.89,29470171929.21,,20632343800.29,-67605457.7299999,35205461438.19,,8351398319.7,,5.215516981766313,0.6765908307674017,0.4736875870982092,-0.008095106369256309,0.07392858774644062,0.30579559342588714,731.051502766365,0.00034115441607451835,-0.0015783285652505308
Banco Inter,416968,202212,2022-12-01,2022,4,2022Q4,45892486308.13,32592442899.7,,22430408242.65,-118986797.74,38813644134.74,,7078842173.39,,6.483049796002509,0.710191264880895,0.48875992666966017,-0.016808793701783887,0.053622473319301145,0.257721022972198,770.2522924684894,-0.15237641621142461,-0.16608056647925673
Banco Inter,416968,202303,2023-03-01,2023,1,2023Q1,47001140312.87,33495651534.1,,23564214601.69,-9736448.21999981,39905226808.52,,7095913504.35,,6.623691267383254,0.7126561464494535,0.5013541042798396,-0.0013721204766702815,0.024157636552883943,0.22829548024984314,788.8597674039689,0.002411599318342228,-0.15807176394135025
Banco Inter,416968,202306,2023-06-01,2023,2,2023Q2,49373594807.0,35487069302.36,,24830014415.93,26546260.7400001,42117126579.45,,7256468227.55,,6.804080615904522,0.7187459094497365,0.5029006802723163,0.0036582893919681514,0.05047653053388501,0.21734475896053662,828.6786715402886,0.022626364188567782,-0.13081097010929188
Banco Inter,416968,202309,2023-09-01,2023,3,2023Q3,54184867632.24,39225851365.81,,26629429358.49,45118061.8200001,46968647003.0,,7216220629.24,,7.508759836511077,0.7239263115311296,0.49145509663745107,0.006252311859366175,0.09744627354048507,0.24400307858338688,909.4303200443695,-0.005546444502739778,-0.13592666126129382
Banco Inter,416968,202312,2023-12-01,2023,4,2023Q4,59333590535.84,43384063390.34,,29061217304.66,170105036.55,51929983239.01,,7403607296.83,,8.014146098921918,0.7311889100008905,0.4897936740758306,0.022975966948278553,0.09502141702264688,0.2928824587420287,995.8456777383449,0.025967424946891526,0.045878282844166396
Banco Inter,416968,202403,2024-03-01,2024,1,2024Q1,61138422682.15,44301718810.73,,30059972856.11,70161938.3099995,53863537604.09,,7274885078.06,,8.404039655077801,0.724613375144602,0.4916707290992367,0.009644405039688907,0.030418387459963503,0.300785944238227,1026.1376974141197,-0.017386419026454103,0.025221780620674927
Banco Inter,416968,202406,2024-06-01,2024,2,2024Q2,65071152300.3,48317219408.87,,31946105308.8,164561764.97,57791960209.78,,7279192090.52,,8.939337153232282,0.7425290270854361,0.49094113411993034,0.022607146909107638,0.06432500947228736,0.317934263337748,1092.144014520154,0.0005920385564563979,0.0031315320700677773
Banco Inter,416968,202409,2024-09-01,2024,3,2024Q3,67398369378.11,50600123371.38,,32731397098.59,129432969.85,60178443252.55,,7219926125.56,,9.335049722947458,0.7507618335320464,0.48564078627725193,0.017927187563842387,0.03576419035996192,0.24385962951043494,1131.203660955946,-0.008141832805481863,0.0005134954306948991
Banco Inter,416968,202412,2024-12-01,2024,4,2024Q4,74392458250.65,56752272912.33,,34156335524.92,388155087.290001,67136434091.52,,7256024159.13,,10.25250972421923,0.7628766980802673,0.45913707287151734,0.053494183422969875,0.10377237516389481,0.25380004106971765,1248.5913516474375,0.004999778798595367,-0.019933950003424794
Banco Inter,416968,202503,2025-03-01,2025,1,2025Q1,79445244486.86,61012955063.98,33250352023.91,,217743819.44,,72198376581.14,7246867905.72,23976187616.7,10.962700786108348,0.7679875045770846,,0.030046610794179564,0.06792067845352934,0.29943235369163146,1333.3965233625406,-0.0012618829829114109,-0.0038512185470113147
Banco Inter,416968,202506,2025-06-01,2025,2,2025Q2,83407400792.85,63562979720.39,35989628648.07,,466689783.259999,,76096584088.77,7310816704.08,22965447632.39,11.40876651254329,0.7620784140996617,,0.0638355196348378,0.04987279391714039,0.2817876715618799,1399.8967333820322,0.00882433613968936,0.004344522464407197
Banco Inter,416968,202509,2025-09-01,2025,3,2025Q3,89463307696.4,68905957400.64,39181232084.35,,288275668.15,,82116386358.38,7346921338.02,26454581816.12,12.176979115514854,0.770214730205116,,0.03923761462616809,0.07260634962825896,0.3273808924738817,1501.5381250494256,0.004938522657783384,0.017589544581406713
Banco Master,33923798,201903,2019-03-01,2019,1,2019Q1,3105915870.72,2621751178.66,,882182811.06,602625.530000009,2942417792.27,,163498078.45,,18.99665060387748,0.8441153230761003,0.2840330671466308,0.0036858263761448446,,,100.0,,
Banco Master,33923798,201906,2019-06-01,2019,2,2019Q2,3152349620.96,2694919540.63,,799433230.85,8056824.10000004,2959016075.02,,193333545.94,,16.305238729435576,0.8548923389434524,0.2535991647419314,0.041673182275881036,0.014950099156818553,,101.49500991568186,0.18248206812488088,
Banco Master,33923798,201909,2019-09-01,2019,3,2019Q3,3438590540.89,2927660328.64,,906260969.56,7352131.89,3236638208.86,,201952332.03,,17.02674342170606,0.8514128954365827,0.263555942117329,0.03640528344534215,0.090802402762302,,110.71100068440943,0.04457987902769234,
Banco Master,33923798,201912,2019-12-01,2019,4,2019Q4,3701177824.9,3234759505.28,,883309088.09,30423629.42,3481603088.33,,219574736.57,,16.856118707992035,0.873981110423247,0.23865621428602005,0.1385570575889135,0.07636480147532643,,119.16542427280908,0.08726021810623208,
Banco Master,33923798,202003,2020-03-01,2020,1,2020Q1,4199363206.03,3689847576.94,,1031222606.78,13157065.1099999,3968622872.78,,230740333.25,,18.19951955031685,0.8786683589649091,0.2455664242852903,0.05702108913808592,0.13460184965402466,0.3520531079473579,135.2053107947358,0.05085100797304354,0.4112724469759663
Banco Master,33923798,202006,2020-06-01,2020,2,2020Q2,5005110330.39,4238662119.84,,2722927684.93,21472371.16,4769307260.19,,235803070.2,,21.225806458519983,0.8468668700675219,0.5440295028856693,0.09106060893010375,0.19187364484286618,0.587739601315469,161.14764657903427,0.02194127432638604,0.21966971150045622
Banco Master,33923798,202009,2020-09-01,2020,3,2020Q3,5645433369.58,4786536635.47,,3321087859.18,1033665.63000002,5307978290.95,,337455078.63,,16.729436677910815,0.8478599112092792,0.5882786389926123,0.0030631206802294855,0.1279338509886765,0.6417870352539299,181.76388558365235,0.43108857040657833,0.6709640103580041
Banco Master,33923798,202012,2020-12-01,2020,4,2020Q4,6071519261.65,5143878652.74,,3338186293.12,48637643.37,5649795097.06,,421724164.59,,14.39689676675921,0.8472144171938436,0.5498107062272273,0.11533046349688188,0.07547443467598636,0.6404289523198043,195.4824120925892,0.24971941836559575,0.9206406491830408
Banco Master,33923798,202103,2021-03-01,2021,1,2021Q1,6451685178.11,5447777121.28,,3725807566.47,15027119.8100001,6016758689.04,,434926489.07,,14.83396698119167,0.8443959943618806,0.5774937033678174,0.03455094179738851,0.0626146274230357,0.5363484560815837,207.722470493523,0.031305591636740404,0.884917486873743
Banco Master,33923798,202106,2021-06-01,2021,2,2021Q2,7196148307.99,6203025875.77,,4004198583.06,33514289.58,6739942939.54,,456205368.45,,15.77392289888999,0.861992500749697,0.5564363617428609,0.07346316351749192,0.11539049245705568,0.4377601756941236,231.69166865816683,0.048925231998401486,0.9346879922431137
Banco Master,33923798,202109,2021-09-01,2021,3,2021Q3,8379162043.57,7342363665.41,,4487341590.7,1172757.78999996,7864362926.32,,514799117.25,,16.276566456311265,0.8762646702893617,0.5355358408593489,0.0022780881914963307,0.16439540778592354,0.48423716923495985,269.78071500782727,0.12843721896363847,0.5255337668645594
Banco Master,33923798,202112,2021-12-01,2021,4,2021Q4,10354549564.89,9027676899.48,,4054190066.85,104268626.97,9707064099.92,,647485464.97,,15.99194132546243,0.8718560708899271,0.39153707666790905,0.16103624345425435,0.23575000830015846,0.7054297480851672,333.3815208101452,0.2577439301543403,0.535329296578215
Banco Master,33923798,202203,2022-03-01,2022,1,2022Q1,12186436713.49,10827460217.93,,5054333158.17,31917980.6699999,11404665389.29,,781771324.2,,15.588237041005039,0.8884845072017109,0.414750700061078,0.040827771091069526,0.17691616010140376,0.8888765302494157,392.3620993206424,0.2073959439942361,0.7974792151005925
Banco Master,33923798,202206,2022-06-01,2022,2,2022Q2,14403915168.97,12767790051.9,,7457911856.75,60005879.3,13375058813.84,,1028856355.13,,13.999928267100035,0.8864110835229949,0.5177697708756572,0.058322893182127473,0.18196282536184838,1.0016145516313357,463.7574154779327,0.3160579357177704,1.2552482418732485
Banco Master,33923798,202209,2022-09-01,2022,3,2022Q3,16773640425.27,15138563176.71,,9197822799.14,8436672.6900001,15718990927.29,,1054649497.98,,15.904469169517482,0.9025210266164578,0.5483498254370113,0.007999503822036702,0.16451952323386654,1.0018279080951484,540.0545643685323,0.02506972204758462,1.0486622114152433
Banco Master,33923798,202212,2022-12-01,2022,4,2022Q4,20541658008.83,18370606023.25,,9788673535.76,150821273.09,18975371953.1,,1566286055.73,,13.114882772327395,0.8943097979410056,0.47652791861067195,0.09629229126968548,0.22463922488068655,0.9838292221307479,661.3720031015562,0.4851247345492051,1.4190289056180911
Banco Master,33923798,202303,2023-03-01,2023,1,2023Q1,23077705673.51,20760738193.4,,10766368743.43,70936180.5800001,21416814858.54,,1660890814.97,,13.894775903090801,0.8996014806285725,0.4665268244489441,0.042709719350986594,0.12345876187744209,0.8937205531099759,743.0241717448781,0.06040069047023944,1.1245225599309592
Banco Master,33923798,202306,2023-06-01,2023,2,2023Q2,27331844219.47,24519832220.52,,11600541104.99,290555888.95,25476500015.71,,1855344203.76,,14.731414345693851,0.8971159071312558,0.4244331634499177,0.1566048436517417,0.18433975223295973,0.8975288245483646,879.9930634674291,0.1170777675674679,0.8033073271200915
Banco Master,33923798,202309,2023-09-01,2023,3,2023Q3,30857830428.63,27935561460.35,,13291067779.92,3813725.81000013,28999482499.01,,1858347929.62,,16.604980120670888,0.9052989491585024,0.43071945095623126,0.00205221301631066,0.12900652370352095,0.8396620916078383,993.517909468574,0.0016189588184836179,0.7620526375628549
Banco Master,33923798,202312,2023-12-01,2023,4,2023Q4,36141585997.5,32625849243.35,,16105549867.54,241232199.91,33759139886.88,,2382446110.62,,15.16994900174033,0.9027232298440585,0.44562377170315826,0.10125400059824334,0.17122900396677632,0.7594288631406598,1163.636991530032,0.2820237118391329,0.521079819298788
Banco Master,33923798,202403,2024-03-01,2024,1,2024Q1,41044130512.42,37042000784.46,,17432214140.18,59485455.5099999,38602505220.14,,2441625292.28,,16.810167654387627,0.902492032892524,0.42471880686825597,0.024363056730319223,0.13564829488277352,0.7785186748235966,1321.482365293601,0.024839672719648487,0.4700697181735587
Banco Master,33923798,202406,2024-06-01,2024,2,2024Q2,50985792542.31,44618471351.69,,21045506371.07,500751544.590001,46797851633.88,,4187940908.43,,12.174429787125113,0.8751157749418891,0.4127719766953827,0.11956986871090444,0.2422188484875234,0.8654355020064826,1641.570302111586,0.7152267064367124,1.2572312457940744
Banco Master,33923798,202409,2024-09-01,2024,3,2024Q3,58335367534.98,50932398725.79,,22173992756.77,236650472.71,53922890841.68,,4412476693.3,,13.22054972518216,0.8730963886573456,0.38011233482798695,0.05363211845840119,0.14414947039552328,0.89045589805485,1878.2017917779904,0.053614840748595016,1.374408270362093
Banco Master,33923798,202412,2024-12-01,2024,4,2024Q4,63014691768.71001,53918212145.03,,22463655844.53,566759996.63,58273979436.18,,4740712332.53,,13.292241196816226,0.8556450984943662,0.3564828330348883,0.11955165318532085,0.08021418963245774,0.7435508163108526,2028.8602264716917,0.07438807319444884,0.9898508140006963
Banco Master,33923798,202503,2025-03-01,2025,1,2025Q1,68344169943.95,54521812915.28,13668196543.59,,57712713.8899995,,65075309581.54,3268860362.41,32171216847.83,20.90764436739738,0.7977536775996269,,0.017655301080970687,0.08457516851469138,0.6651386956112757,2200.45142201829,-0.3104706353980583,0.33880508722840275
Banco Original,92894922,201903,2019-03-01,2019,1,2019Q1,10952357752.81,8320333696.3,,5992899425.29,1156227.35000001,8860281277.95,,2092076474.86,,5.2351612784819075,0.7596842510157493,0.5471789326597214,0.0005526697345408388,,,100.0,,
Banco Original,92894922,201906,2019-06-01,2019,2,2019Q2,11927771437.53,9134240666.63,,6204449568.35,579651.179999977,9831585720.7,,2096185716.83,,5.69022646312466,0.765796084748042,0.5201683819014238,0.0002765266337548404,0.0890596989921868,,108.90596989921868,0.0019641930012501696,
Banco Original,92894922,201909,2019-09-01,2019,3,2019Q3,12266639311.06,9244787261.21,,6696612536.05,5496475.01000001,10158198190.57,,2108441120.49,,5.817871408336621,0.753652816128261,0.545920717666502,0.0026068904445966383,0.02840999052545312,,111.99998747222078,0.005846525697414728,
Banco Original,92894922,201912,2019-12-01,2019,4,2019Q4,12651228131.39,9831317663.29,,7101768239.73,8241516.08000028,10554672320.63,,2096555810.76,,6.034291129509182,0.777103816418954,0.5613501049838173,0.003930978625850526,0.03135241940172162,,115.5114580524374,-0.0056370128691276555,
Banco Original,92894922,202003,2020-03-01,2020,1,2020Q1,13302197896.9,10661937281.89,,7451285667.07,-131793014.49,11350337974.52,,1951859922.38,,6.815139623687732,0.8015169646795514,0.5601544740817965,-0.06752175859489866,0.05145506497466634,0.2145510763184404,121.45510763184404,-0.0690159964439715,-0.06702267061694434
Banco Original,92894922,202006,2020-06-01,2020,2,2020Q2,14519299513.46,11874953215.57,,6993984436.95,-219897735.9,12632944247.37,,1886355266.09,,7.6970122089225095,0.8178737000749534,0.4817026076544728,-0.11657281099323337,0.09149627948653793,0.21726842180894868,132.56779810479478,-0.03356012157374855,-0.10010107838026894
Banco Original,92894922,202009,2020-09-01,2020,3,2020Q3,15455046579.65,12458080127.7,,7281029711.0,-10326354.24,13580216783.81,,1874829795.84,,8.243439811945976,0.8060849291844794,0.4711101757911938,-0.005507888909656129,0.06444849941435016,0.25992508524443436,141.11159376331332,-0.006109914954614992,-0.11079812586642634
Banco Original,92894922,202012,2020-12-01,2020,4,2020Q4,15251866617.66,12663646561.08,,7683196955.29,-28533907.1900005,13394154872.53,,1857711745.13,,8.210028632075367,0.8303014233298419,0.503754533651225,-0.015359706512488963,-0.013146512431578938,0.2055641127692056,139.25646844166403,-0.009130455867504605,-0.11392211187710721
Banco Original,92894922,202103,2021-03-01,2021,1,2021Q1,15975081889.12,13036792892.75,,8380468254.1,26378315.51,14097280613.07,,1877801276.05,,8.507333599604303,0.8160704892304087,0.5245962626212017,0.014047447856403326,0.04741814819063506,0.20093551553934574,145.85975229873534,0.010814127096232529,-0.03794260309402575
Banco Original,92894922,202106,2021-06-01,2021,2,2021Q2,17007927664.89,13732815944.25,,9485928642.83,66051790.9700005,14997487166.96,,2010440497.93,,8.459801562096361,0.8074361682875147,0.5577357118240867,0.032854387403163175,0.0646535512580646,0.17140139227260498,155.2901032704702,0.07063538808484027,0.06578041478750807
Banco Original,92894922,202109,2021-09-01,2021,3,2021Q3,20384883107.93,16646772030.21,,11114648161.87,7049264.64000024,18249801994.13,,2135081113.8,,9.547591881251364,0.8166233743932618,0.5452397300010148,0.0033016378602375514,0.19855184650221425,0.31897907928477065,186.1232400183416,0.06199666988320862,0.13881330376627443
Banco Original,92894922,202112,2021-12-01,2021,4,2021Q4,22406742467.13,18268489777.08,,12840083401.7,12940880.6400001,20140282839.5,,2266459627.63,,9.886230574757851,0.8153121679279937,0.5730455205854222,0.005709733578414616,0.09918425082425264,0.46911476665980234,204.58373414054338,0.06153326587024788,0.22002761384888392
Banco Original,92894922,202203,2022-03-01,2022,1,2022Q1,24168961022.38,19125856080.01,,14890405711.24,-119251223.67,22019590163.5,,2149370858.88,,11.244667676835457,0.7913396054675175,0.6160962276140777,-0.05548192075709994,0.07864679829453647,0.5129162523317348,220.6735898138378,-0.05166152854548656,0.1446210449921801
Banco Original,92894922,202206,2022-06-01,2022,2,2022Q2,25418684705.85,20023070324.47,,16883980659.55,-544705526.880001,23709870263.86,,1708814441.99,,14.875040894579909,0.787730386374468,0.6642350245472861,-0.31876224445157664,0.05170779506461942,0.4945198031575939,232.0841345721056,-0.20496994042227146,-0.15002983487974986
Banco Original,92894922,202209,2022-09-01,2022,3,2022Q3,24978611775.87,19304006492.97,,17405542600.29,-381803761.46,23044308064.67,,1934303711.2,,12.913490074613883,0.7728214308378092,0.696817851867341,-0.19738563248846647,-0.01731297016634059,0.2253497674535585,228.06606887417774,0.13195655635225467,-0.0940373652796066
Banco Original,92894922,202212,2022-12-01,2022,4,2022Q4,25410181941.19,20720342420.25,,16614254235.11,-1115576579.25,23863337279.36,,1546844661.83,,16.427106462731942,0.8154346343605768,0.6538423956806949,-0.7211949633845025,0.017277588089859686,0.13404177240247894,232.00650046945935,-0.2003093139544404,-0.317506192048296
Banco Original,92894922,202303,2023-03-01,2023,1,2023Q1,24760005609.89,19890507958.73,,15906052936.53,-819072821.570001,23204868836.79,,1555136773.1,,15.921432788534451,0.8033321264993997,0.6424091006738938,-0.5266886075475319,-0.02558723636079363,0.02445469571334491,226.07009530470668,0.005360661916879117,-0.2764688482329407
Banco Original,92894922,202306,2023-06-01,2023,2,2023Q2,24133827958.26,18879093224.52,,14901770162.57,-748831927.02,22160724196.7,,1973103761.56,,12.231403349603372,0.7822668354631441,0.6174640089563475,-0.3795197909044323,-0.025289883269650204,-0.05054772748702829,220.352808983692,0.2687654203088692,0.15466238643338115
Banco Original,92894922,202309,2023-09-01,2023,3,2023Q3,23771449506.72,19069789597.49,,14811571172.42,-276941194.0,22079022891.89,,1692426614.83,,14.045778587042479,0.8022140001222526,0.6230823731734527,-0.16363557011765503,-0.015015373945929333,-0.04832783663006235,217.0441291567659,-0.14225158970255447,-0.12504607987333327
Banco Original,92894922,202312,2023-12-01,2023,4,2023Q4,24668496857.76,19880098048.15,,15468060778.03,-751279513.549999,23419993170.24,,1248503687.52,,19.758449337671525,0.8058901262926482,0.6270370208294307,-0.6017439283998623,0.03773633369670648,-0.029188499521434985,225.23457884153672,-0.26229966098387725,-0.19287067516983036
Banco Original,92894922,202403,2024-03-01,2024,1,2024Q1,22943242196.69,19157946831.69,,13981330761.26,143751786.16,21511491970.96,,1431750225.73,,16.02461224337648,0.8350148016331318,0.6093877509289892,0.10040283813240254,-0.06993756737663914,-0.07337491928815731,209.4822203082578,0.14677292509563733,-0.07934128335480228
Banco Original,92894922,202406,2024-06-01,2024,2,2024Q2,24638375225.65,21390648514.96,,14609896691.62,184351289.38,23176813254.64,,1461561971.01,,16.857564519569337,0.8681842174678415,0.592973219939042,0.12613306382938083,0.07388376125866625,0.02090622624237759,224.9595546614485,0.020821889701326812,-0.25925741996739105
Banco Original,92894922,202409,2024-09-01,2024,3,2024Q3,24762349451.07,21706277938.49,,14629462938.39,1499888.78999997,23304965627.06,,1457383824.01,,16.990959446040957,0.8765839437562762,0.5907946242054931,0.0010291652516582882,0.005031753282616291,0.04168445614012217,226.09149563907215,-0.0028586861747044168,-0.1388791624761877
Banco Original,92894922,202412,2024-12-01,2024,4,2024Q4,28399599551.0,24597277189.64,,15167101713.13,-165892707.870001,26668837190.32,,1730762360.68,,16.408722650891292,0.8661135219694985,0.5340604076438795,-0.09584950056622639,0.1468863084707348,0.151249697732041,259.3012408101227,0.18758170096728355,0.3862693222139759
Banco Original,92894922,202503,2025-03-01,2025,1,2025Q1,28945580186.32,25827088127.76,12374044757.24,,16525164.4099999,,27744270127.89,1201310058.43,8727828132.33,24.095011927353017,0.892263618884591,,0.013755952756773505,0.01922494133551167,0.26161681675905224,264.2862919529227,-0.3059069888959125,-0.16094997797713384
Banco Original,92894922,202506,2025-06-01,2025,2,2025Q2,30583907472.57,27160525929.14,12875297600.15,,11929338.6399998,,29228740751.81,1355166720.76,10395058652.34,22.568372587704957,0.8880659200757669,,0.008802856842078906,0.056600257300224666,0.24131186380871195,279.24496407838046,0.12807406485139738,-0.07279557922301194
Banco Original,92894922,202509,2025-09-01,2025,3,2025Q3,33578473409.41,29988026843.33,13581187646.19,,-14249505.4400003,,32114296782.96,1464176626.45,11511218083.65,22.933348888940664,0.8930729660546803,,-0.00973209460019126,0.09791312439477395,0.3560293814510824,306.58671098280104,0.08044021744340468,0.004660956385058368
Banco Pine,62144175,201903,2019-03-01,2019,1,2019Q1,9556932204.64,7126092642.59,,3191408647.95,-40745905.8199997,8726770530.07,,830161674.57,,11.512133717315024,0.7456464574615482,0.33393651640644,-0.049081892200221015,,,100.0,,
Banco Pine,62144175,201906,2019-06-01,2019,2,2019Q2,10368990624.67,7164816637.52,,3146153761.08,-70639184.9900004,9561352569.32,,807638055.35,,12.838660283505918,0.6909849663161428,0.30341948169908084,-0.08746391347221501,0.08497061636952252,,108.49706163695225,-0.02713160569797035,
Banco Pine,62144175,201909,2019-09-01,2019,3,2019Q3,10187895830.32,6829926341.85,,3250413107.06,-23825165.8800001,9405052106.3,,782843724.02,,13.013958619996194,0.6703961696902699,0.3190465588965396,-0.03043412771792422,-0.017465035981336308,,106.60215655159362,-0.030699805644070488,
Banco Pine,62144175,201912,2019-12-01,2019,4,2019Q4,10272648572.58,6942013495.14,,3498656949.98,-47568735.0900003,9431592788.45,,841055784.13,,12.213991944905501,0.6757764023651884,0.3405798344273841,-0.05655835913334342,0.008318964354520508,,107.48897609206134,0.07435974553270208,
Banco Pine,62144175,202003,2020-03-01,2020,1,2020Q1,11387931613.3,8056566589.4,,3361023974.06,-2282321.64999997,10546108088.95,,841823524.35,,13.527694681724416,0.7074653117859183,0.2951391076264148,-0.0027111640195161173,0.10856820739462836,0.19158861541060523,119.15886154106052,0.0009128291303461822,0.014047685092232864
Banco Pine,62144175,202006,2020-06-01,2020,2,2020Q2,11896875244.55,8205674505.81,,2902371249.72,881693.56000029,11051853502.28,,845021742.27,,14.07878004723425,0.689733592824641,0.2439608039976368,0.001043397484225409,0.04469148995025596,0.1473513358421641,124.48424860410678,0.00379915484361093,0.046287673881091784
Banco Pine,62144175,202009,2020-09-01,2020,3,2020Q3,12259189560.58,8829502571.73,,3318958086.6,-11236800.5899998,11444498638.13,,814690922.45,,15.047656998206437,0.7202354224231657,0.2707322592736689,-0.013792716084533807,0.030454578078893402,0.20330927649413755,128.2753638728129,-0.03589353776687643,0.040681425235755464
Banco Pine,62144175,202012,2020-12-01,2020,4,2020Q4,13796149632.5,9986630220.33,,3919619894.53,-64505122.8800002,13003455494.37,,792694138.13,,17.404127227489933,0.723870825292022,0.2841096971938051,-0.08137454255959378,0.12537207817245655,0.34299830613548044,144.35751281987552,-0.027000158850241873,-0.05750111575539063
Banco Pine,62144175,202103,2021-03-01,2021,1,2021Q1,14437300588.94,11166010625.65,,4255547896.42,529717.079999867,13687246983.12,,750053605.82,,19.248358353209095,0.7734140157893477,0.29476063549442566,0.0007062389619749258,0.046473180816307025,0.2677719781947614,151.06626561534597,-0.053791910724344194,-0.10901325025439101
Banco Pine,62144175,202106,2021-06-01,2021,2,2021Q2,14786635445.06,11218856709.17,,4251838561.67,1782520.92000025,14011558682.18,,775076762.88,,19.07763998770444,0.7587159872070869,0.2875460463922155,0.0022997992010195586,0.024196687875821743,0.2429007736156441,154.7215688930065,0.03336182489602635,-0.0827729937481908
Banco Pine,62144175,202109,2021-09-01,2021,3,2021Q3,14794875429.31,11764424240.22,,4179135550.44,2679537.01999989,14023622494.89,,771252934.42,,19.182909742101778,0.7951688607606389,0.2824718308990119,0.003474264927127913,0.0005572589031910269,0.20683960030144388,154.8077888647878,-0.0049334835504442065,-0.05331836507932375
Banco Pine,62144175,202112,2021-12-01,2021,4,2021Q4,15378379890.46,12338190262.14,,4261320523.96,4102507.85000011,14599247301.68,,779132588.78,,19.737821407958485,0.8023075480008147,0.27709814390809245,0.005265481009367092,0.03943963326612554,0.11468636540681554,160.91335128435483,0.010216692875114619,-0.01710817413383714
Banco Pine,62144175,202203,2022-03-01,2022,1,2022Q1,15187274941.22,12008473190.0,,4190698535.31,1865535.86999986,14356865892.83,,830409048.39,,18.288908304485773,0.7906930793362825,0.2759348567487881,0.002246526424075903,-0.012426858394787854,0.05194699297557959,158.9137038541134,0.06581223831272531,0.1071329328283821
Banco Pine,62144175,202206,2022-06-01,2022,2,2022Q2,14687093904.03,11558082407.19,,4038617479.27,6349515.33999971,13842825556.33,,844268347.7,,17.39623893758584,0.7869550288650753,0.274977303587733,0.007520731242971967,-0.03293421888560466,-0.006731858738240115,153.68000514745987,0.01668972578859851,0.08927062212896253
Banco Pine,62144175,202209,2022-09-01,2022,3,2022Q3,15137172575.67,11963954906.97,,4640673311.35,12212738.11,14279565340.61,,857607235.059999,,17.65047210056593,0.7903691952485025,0.30657464517574184,0.014240479336844197,0.030644501531817747,0.023136196583438462,158.38945230061097,0.015799345547345744,0.11196625229690627
Banco Pine,62144175,202212,2022-12-01,2022,4,2022Q4,16353205852.31,13193122750.3,,5368373589.23,34606999.4700003,15484227051.57,,868978800.74,,18.818877788944942,0.8067606357707766,0.32827652496477816,0.03982490647703933,0.08033424145500812,0.06338937968717606,171.11354880565472,0.013259642893760581,0.11531568985027985
Banco Pine,62144175,202303,2023-03-01,2023,1,2023Q1,18012400521.11,14683706740.52,,6206371490.75,30586551.4300001,17116644554.25,,895755966.86,,20.10860232865767,0.8151998798445066,0.34456104190423237,0.03414607612073049,0.10145990234481328,0.18601925564818012,188.4747127573509,0.030814521708926845,0.07869244512291251
Banco Pine,62144175,202306,2023-06-01,2023,2,2023Q2,17973233342.96,14311436457.69,,6713141366.74,73437219.2000002,17034875288.49,,938358054.47,,19.153918120425338,0.796263876654987,0.3735077177623966,0.07826140442890826,-0.002174456319916862,0.2237433395879842,188.06488272705116,0.047559926125123386,0.11144526148152312
Banco Pine,62144175,202309,2023-09-01,2023,3,2023Q3,19785932942.21,16035262344.86,,7225249087.92,45223884.1099994,18821423948.68,,964508993.53,,20.51399528147021,0.8104375159713311,0.3651710085656933,0.04688798592171216,0.10085550911517105,0.3071088965459745,207.03226222117283,0.027868827826890152,0.12465118541417386
Banco Pine,62144175,202312,2023-12-01,2023,4,2023Q4,21699470750.37,16775352335.81,,7417452767.97,107441064.150001,20714991256.59,,984479493.78,,22.041567028534924,0.7730765661887842,0.341826436842637,0.10913489293461168,0.09671203343046741,0.32692457652300666,227.0547732862922,0.020705354106559604,0.1329154323921855
Banco Pine,62144175,202403,2024-03-01,2024,1,2024Q1,24431176817.83,19243671566.85,,9398020104.07,62978339.1399999,23351311320.21,,1079865497.62,,22.624277626867222,0.7876686297323945,0.38467324657121205,0.05832054017727466,0.12588814256741365,0.35635318508476344,255.63827695636877,0.09688978230898093,0.2055353662955559
Banco Pine,62144175,202406,2024-06-01,2024,2,2024Q2,25141822769.74,20574233620.03,,9366713180.51,126812320.210001,24023353281.16,,1118469488.58,,22.478773919581716,0.8183270484585777,0.37255505562562136,0.11338022315745147,0.02908766766369464,0.39884806979306786,263.0741981985952,0.035748888213469554,0.19194318549514633
Banco Pine,62144175,202409,2024-09-01,2024,3,2024Q3,25575891454.78,20497569110.7,,9999452751.94,64348294.5499998,24407306641.69,,1168584813.09,,21.88620900108364,0.801441042512288,0.3909718169401738,0.0550651470301488,0.017264805699069186,0.29263004830154293,267.61612311493235,0.044807055553769404,0.2115851909406301
Banco Pine,62144175,202412,2024-12-01,2024,4,2024Q4,27877974362.49,22505775956.5,,9446582541.52,131436130.09,26650767048.62,,1227207313.87,,22.716597307896393,0.8072959557198557,0.33885469649582717,0.10710181450558341,0.090009879490623,0.28473061316551473,291.70421810625515,0.05016537963127288,0.24655447027954236
Banco Pine,62144175,202503,2025-03-01,2025,1,2025Q1,28194741423.89,22128736735.05,10461026721.81,,73481948.5400004,,27071077591.18,1123663832.71,11828523929.65,25.091794007368946,0.7848533314194488,,0.06539495746052452,0.01136262833451096,0.15404761850494775,295.01874472020563,-0.08437325950533603,0.040559065167403485
Banco Pine,62144175,202509,2025-09-01,2025,3,2025Q3,30771937067.21,23773277086.85,12152152196.95,,103632964.77,,29522232713.99,1249704353.22,13821203069.61,24.623373510640924,0.7725635547390469,,0.08292598525641551,0.09140696148169991,0.2239342130852282,321.98551175522493,0.11216924211756574,0.11733432693511814
