NomeBanco,CodInst,AnoMes,DataRef,Ano,Trimestre,AnoTri,Adicional de Capital Principal,"Ativos Ponderados pelo Risco (RWA) 
(i) = (f) + (g) + (h)","Ativos Ponderados pelo Risco (RWA) 
(j) = (f) + (g) + (h) + (i)","Capital Complementar 
(b)","Capital Nível II 
(d)","Capital Principal para Comparação com RWA 
(a)","Exposição Total 
(j)","Exposição Total 
(k)",IRRBB,"Patrimônio de Referência Nível I para Comparação com RWA 
(c) = (a) + (b)",Patrimônio de Referência para Comparação com o RWA,"Patrimônio de Referência para Comparação com o RWA 
(e)","RWA para Risco Operacional 
(h)","RWA para Risco de Crédito 
(f)","RWA para Risco de Mercado 
(g) = (g1) + (g2) + (g3) + (g4)","RWA para Risco de Mercado 
(g) = (g1) + (g2) + (g3) + (g4) + (g5)","RWA para Risco de Mercado 
(g) = (g1) + (g2) + (g3) + (g4) + (g5) + (g6)","RWAacs 
(g4)","RWAcam 
(g1)","RWAcom 
(g2)","RWAcva 
(g5)","RWAdrc 
(g6)","RWAjur 
(g3)","RWAsp 
(i)","Razão de Alavancagem 
(n) = (c) / (j)","Razão de Alavancagem 
(o) = (c) / (k)","Índice de Basileia 
(m) = (e) / (i)","Índice de Basileia 
(n) = (e) / (j)","Índice de Capital Nível I 
(l) = (c) / (i)","Índice de Capital Nível I 
(m) = (c) / (j)","Índice de Capital Principal 
(k) = (a) / (i)","Índice de Capital Principal 
(l) = (a) / (j)",Índice de Capital Principal (k) = (a) / (i),"Índice de Imobilização 
(o)","Índice de Imobilização 
(p)",Basileia,MargemBasileia,SemaforoBasileia
Banco Daycoval,C0081744,201903,2019-03-01,2019,1,2019Q1,,22197548435.93,,0.0,150064047.65,3406396943.71,28352262617.39,,,3406396943.71,3556460991.36,,1160267941.63,18658557127.86,2378723366.44,,,114811787.75,1441202138.93,0.0,,,822709439.76,,0.120145506186891,,0.160218638631433,,0.15345825029021,,0.15345825029021,,,0.258597855104916,,0.160218638631433,0.05021863863143301,VERDE
Banco Daycoval,C0081744,201906,2019-06-01,2019,2,2019Q2,,22935422580.32,,0.0,152881013.4,3517313102.83,30220321312.78,,,3517313102.83,3670194116.23,,1160267941.63,19686519762.4,2088634876.29,,,112306964.0,1547081194.65,0.0,,,429246717.64,,0.116389004154716,,0.160022955904865,,0.153357239898779,,0.153357239898779,,,0.252859724336129,,0.160022955904865,0.05002295590486501,VERDE
Banco Daycoval,C0081744,201909,2019-09-01,2019,3,2019Q3,,24673936723.28,,0.0,155732694.5,3736066612.3,30855135668.53,,,3736066612.3,3891799306.8,,1570878484.75,21542849849.6,1560208388.93,,,101581018.0,910068186.3,0.0,,,548559184.63,,0.1210841090584,,0.157729159738343,,0.151417532362195,,0.151417532362195,,,0.241856872869928,,0.157729159738343,0.047729159738343005,ATENCAO
Banco Daycoval,C0081744,201912,2019-12-01,2019,4,2019Q4,,27077735146.7,,0.0,158095113.8,3665355008.68,22861159430.94,,,3665355008.68,3823450122.48,,1570878484.75,24620899240.24,885957421.71,,,114596026.0,385655107.45,0.0,,,385706288.26,,0.160331107429283,,0.141202729909483,,0.135364165016833,,0.135364165016833,,,0.250043352073308,,0.141202729909483,0.031202729909482987,ATENCAO
Banco Daycoval,C0081744,202003,2020-03-01,2020,1,2020Q1,,28508320699.95,,0.0,157743262.5,3885022574.04,36405978074.45,,,3885022574.04,4042765836.54,,1579910051.0,24464532280.44,2463878368.51,,,75613674.75,1906951470.0,0.0,,,481313223.76,,0.106713863478552,,0.141810030800835,,0.136276794937515,,0.136276794937515,,,0.251390319531791,,0.141810030800835,0.03181003080083501,ATENCAO
Banco Daycoval,C0081744,202006,2020-06-01,2020,2,2020Q2,,27253247638.63,,292942003.3,159168426.66,4109239764.72,40741436851.42,,,4402181768.02,4561350194.68,,1579910051.0,24268269243.72,1405068343.91,,,85566002.5,951906503.28,0.0,,,367595838.13,,0.108051706278164,,0.167369051026951,,0.16152870389583,,0.150779819682678,,,0.226811730865707,,0.167369051026951,0.05736905102695099,VERDE
Banco Daycoval,C0081744,202009,2020-09-01,2020,3,2020Q3,,30755413773.37,,295159975.6,160164283.41,4340442619.73,44375842987.47,,,4635602595.33,4795766878.74,,2804969744.0,26756872551.08,1193571478.29,,,95356306.0,693368316.79,0.0,,,404846855.5,,0.104462299378491,,0.155932445392508,,0.150724767661679,,0.141127758895191,,,0.217664302645223,,0.155932445392508,0.045932445392508,ATENCAO
Banco Daycoval,C0081744,202012,2020-12-01,2020,4,2020Q4,,33636240654.08,,297214193.0,161085448.86,4414119056.03,49242955177.42,,,4711333249.03,4872418697.89,,2804969744.0,29635830598.13,1195440311.95,,,96683406.0,889694617.07,0.0,,,209062288.88,,0.0956752744033191,,0.144856220646019,,0.140067176278171,,0.131231046341517,,,0.215633668382191,,0.144856220646019,0.034856220646018996,ATENCAO
Banco Daycoval,C0081744,202103,2021-03-01,2021,1,2021Q1,,35375238809.27,,462217730.6,0.0,4844336747.56,51600336373.09,,,5306554478.16,5306554478.16,,2802574388.63,29554471450.85,3018192969.79,,,85207696.25,629550401.65,0.0,,,2303434871.89,,0.102839532668772,,0.150007594486385,,0.150007594486385,,0.136941457093162,,,0.197671667417559,,0.150007594486385,0.04000759448638501,ATENCAO
Banco Daycoval,C0081744,202106,2021-06-01,2021,2,2021Q2,,40293388334.28,,459594728.57,0.0,5140697903.64,54874600621.02,,,5600292632.21,5600292632.21,,2802574388.63,32920940382.75,4569873562.9,,,77376258.25,571924546.27,0.0,,,3920572758.38,,0.102056189363222,,0.138987880238543,,0.138987880238543,,0.127581673226188,,,0.184318874526858,,0.138987880238543,0.028987880238543,ATENCAO
Banco Daycoval,C0081744,202109,2021-09-01,2021,3,2021Q3,,41416866678.16,,467956734.1,0.0,5329196310.02,57701688131.03,,,5797153044.12,5797153044.12,,2434453669.38,35208657850.9,3773755157.88,,,0.0,718420742.49,0.0,,,3055334415.39,,0.100467650633647,,0.139970826117007,,0.139970826117007,,0.128672126538008,,,0.180131885401779,,0.139970826117007,0.029970826117007007,ATENCAO
Banco Daycoval,C0081744,202112,2021-12-01,2021,4,2021Q4,,45880423206.12,,992038297.77,0.0,4966474400.78,64047738856.53,,,5958512698.55,5958512698.55,,2434453669.38,40863566476.99,2582403059.75,,,0.0,971726137.74,0.0,,,1610676922.01,,0.09303236624633,,0.129870482488383,,0.129870482488383,,0.108248225576906,,,0.177452437643928,,0.129870482488383,0.01987048248838301,AMARELO
Banco Daycoval,C0081744,202203,2022-03-01,2022,1,2022Q1,,44147207797.45,,1009602901.68,0.0,5105975169.84,62095882267.44,,,6115578071.52,6115578071.52,,3581752716.38,38080143126.26,2485311954.81,,,0.0,1032829014.42,0.0,,,1452482940.39,,0.0984860484819411,,0.138526950550953,,0.138526950550953,,0.115657941341761,,,0.17329110069665,,0.138526950550953,0.028526950550952987,ATENCAO
Banco Daycoval,C0081744,202206,2022-06-01,2022,2,2022Q2,,46850267907.24,,1026274895.52,0.0,5262626217.1,67399503987.96,,,6288901112.62,6288901112.62,,3581752716.38,40900441323.02,2368073867.84,,,0.0,1165788141.11,0.0,,,1202285726.73,,0.0933078248430942,,0.134234048033013,,0.134234048033013,,0.112328625900701,,,0.170406304525837,,0.134234048033013,0.024234048033013003,ATENCAO
Banco Daycoval,C0081744,202209,2022-09-01,2022,3,2022Q3,,48885549096.08,,1075498289.44,0.0,5440467892.53,69170386163.1,,,6515966181.97,6515966181.97,,3340905718.38,43538048190.83,2006595186.87,,,0.0,1036973224.32,0.0,,,969621962.55,,0.0942016742049944,,0.133290232030809,,0.133290232030809,,0.111289900453757,,,0.168810323270807,,0.133290232030809,0.023290232030809002,ATENCAO
Banco Daycoval,C0081744,202212,2022-12-01,2022,4,2022Q4,,,52491956541.3,1042478198.16,0.0,5710072759.05,,74194615425.07,,6752550957.21,6752550957.21,,3340905718.38,47254921715.98,,1896129106.94,,0.0,1289501065.41,0.0,,,606628041.53,,,0.0910113344280284,,0.128639726962686,,0.128639726962686,,0.108779956688362,,,0.16353845400765,0.128639726962686,0.018639726962685996,AMARELO
Banco Daycoval,C0081744,202303,2023-03-01,2023,1,2023Q1,1278867140.74,51154685629.65,,1048709945.25,0.0,5834596575.52,69950872578.68,,,6883306520.77,6883306520.77,,4043819239.0,45127275448.71,1983590941.94,,,0.0,1303681045.69,0.0,,,679909896.25,,0.0984020108259226,,0.13455867113726,,0.13455867113726,,,,0.114057910897182,0.161617083570696,,0.13455867113726,0.02455867113726,ATENCAO
Banco Daycoval,C0081744,202306,2023-06-01,2023,2,2023Q2,1234523640.51,49380945620.35,,1045144124.91,0.0,5961173369.72,75076989669.35,,,7006317494.63,7006317494.63,,4043819239.0,44214584476.67,1122541904.68,,,0.0,559279798.07,0.0,,,563262106.61,,0.0933217690997847,,0.141883015940924,,0.141883015940924,,,,0.12071808862371,0.158843027435309,,0.141883015940924,0.031883015940924006,ATENCAO
Banco Daycoval,C0081744,202309,2023-09-01,2023,3,2023Q3,1186643548.81,,47465741952.25,1094123957.11,0.0,6177415284.39,,75283841381.75,,7271539241.5,7271539241.5,,2912289592.25,43412332136.13,,1141120223.87,,0.0,307223423.47,0.0,313720586.88,,520176213.52,0.0,,0.0965883130833802,,0.15319552465471,,0.15319552465471,,0.13014471132895,,,0.154345814300863,0.15319552465471,0.04319552465471001,ATENCAO
Banco Daycoval,C0081744,202312,2023-12-01,2023,4,2023Q4,1289642899.54,,51585715981.56,1042762541.83,0.0,6110214451.83,,85597169284.62,,7152976993.66,7152976993.66,,2912289592.25,47711341783.39,,962084605.92,,0.0,275572810.14,0.0,243838355.0,,442673440.78,0.0,,0.0835655787853868,,0.138661969840972,,0.138661969840972,,0.118447797720093,,,0.159467996342086,0.138661969840972,0.02866196984097201,ATENCAO
Banco Daycoval,C0081744,202403,2024-03-01,2024,1,2024Q1,1263500439.01,,50540017560.49,1040859645.71,0.0,6375105339.9,,81127061578.74,,7415964985.61,7415964985.61,,3978932039.5,45782846473.01,,778239047.98,,0.0,177483917.6,0.0,313851860.13,,286903270.25,0.0,,0.0914117292219716,,0.14673451541116,,0.14673451541116,,0.126139753162329,,,0.155335646715603,0.14673451541116,0.036734515411160004,ATENCAO
Banco Daycoval,C0081744,202406,2024-06-01,2024,2,2024Q2,1400178937.39,,56007157495.71,1028595296.45,0.0,6717660311.74,,85228536450.27,,7746255608.19,7746255608.19,,3978932039.5,50057849170.13,,1970376286.08,,0.0,212796766.88,0.0,1050260291.13,,707319228.07,0.0,,0.0908880514768649,,0.138308315482416,,0.138308315482416,,0.119942889661104,,,0.166294559671908,0.138308315482416,0.02830831548241601,ATENCAO
Banco Daycoval,C0081744,202409,2024-09-01,2024,3,2024Q3,1375281144.41,,55011245776.54,1067349863.74,0.0,7066489297.63,,83624817122.96,,8133839161.37,8133839161.37,,5904169473.88,47030166897.65,,,2076909405.01,12831165.0,385237210.0,0.0,546787474.38,623973760.62,508079795.01,0.0,,0.0972658529035727,,0.147857752475017,,0.147857752475017,,0.12845535849769,,,0.183041230897567,0.147857752475017,0.037857752475017006,ATENCAO
Banco Daycoval,C0081744,202412,2024-12-01,2024,4,2024Q4,1614906514.59,,64596260583.68,1027324485.83,0.0,7044809117.59,,99123304965.58,,8072133603.42,8072133603.42,,5904169473.88,56193645783.29,,,2498445326.51,18664219.75,707358388.0,6294020.0,772863655.0,559597145.63,433667898.13,0.0,,0.0814352750468016,,0.124962862098853,,0.124962862098853,,0.109059085679796,,,0.185590468331109,0.124962862098853,0.014962862098853003,AMARELO
Banco Daycoval,C0081744,202503,2025-03-01,2025,1,2025Q1,1509066585.86,,60362663434.26,1336086965.67,0.0,7378441099.76,,94985453950.18,151067915.0,8714528065.43,,8714528065.43,7109843672.88,51435752905.24,,,1817066856.14,17159040.75,99808497.38,4465712.75,414116302.38,706345978.75,575171324.13,0.0,,0.091745922170365,,0.144369508726547,,0.144369508726547,,0.122235181152928,,,0.188899899446106,0.144369508726547,0.034369508726546996,ATENCAO
Banco Daycoval,C0081744,202506,2025-06-01,2025,2,2025Q2,1615483148.98,,64619325959.03,1355890120.87,0.0,7643058356.06,,91417189026.47,52051019.0,8998948476.93,,8998948476.93,7109843672.88,55545529512.76,,,1963952773.39,18491716.75,196853085.0,1876533.75,386285996.63,709723203.0,650722238.26,0.0,,0.098438254039121,,0.139260946216547,,0.139260946216547,,0.118278212324682,,,0.183312015562597,0.139260946216547,0.029260946216547,ATENCAO
Banco Daycoval,C0081744,202509,2025-09-01,2025,3,2025Q3,1562360453.95,,62494418158.18,1427053046.55,0.0,7966894225.95,,95180574442.07,302826407.0,9393947272.5,,9393947272.5,6323316011.13,53612970165.16,,,2558131981.89,19926677.5,208961554.5,8287090.38,400025262.63,593613608.25,1327317788.63,0.0,,0.0986960556559517,,0.150316581054054,,0.150316581054054,,0.127481692937519,,,0.178456199595408,0.150316581054054,0.04031658105405399,ATENCAO
Banco Inter,C0080996,201903,2019-03-01,2019,1,2019Q1,,3548975709.19,,0.0,0.0,911068486.37,6509328386.9,,,911068486.37,911068486.37,,635929845.0,2782763623.91,130282240.28,,,8215057.13,62178987.65,2220855.0,,,57667340.5,,0.13996351577584,,0.256713080343381,,0.256713080343381,,0.256713080343381,,,0.0351199479607569,,0.256713080343381,0.14671308034338099,VERDE
Banco Inter,C0080996,201906,2019-06-01,2019,2,2019Q2,,3902700127.52,,0.0,0.0,920807490.91,7586359314.13,,,920807490.91,920807490.91,,635929845.0,3108867073.01,157903209.51,,,9011902.12,64813731.15,2557018.25,,,81520557.99,,0.121376730626896,,0.235941133272551,,0.235941133272551,,0.235941133272551,,,0.0288327509518436,,0.235941133272551,0.12594113327255102,VERDE
Banco Inter,C0080996,201909,2019-09-01,2019,3,2019Q3,,4898791491.16,,0.0,0.0,2126632915.75,10277042339.01,,,2126632915.75,2126632915.75,,720179028.88,3638001946.13,540610516.15,,,11743941.38,153403486.4,2376576.62,,,373086511.75,,0.206930442202972,,0.434113784917681,,0.434113784917681,,0.434113784917681,,,0.0135189997187929,,0.434113784917681,0.324113784917681,VERDE
Banco Inter,C0080996,201912,2019-12-01,2019,4,2019Q4,,5515874054.82,,0.0,0.0,2123127478.26,10995154642.97,,,2123127478.26,2123127478.26,,720179028.88,4229944205.76,565750820.18,,,36441357.62,193103160.8,27577409.38,,,308628892.38,,0.193096645495338,,0.384912247299179,,0.384912247299179,,0.384912247299179,,,0.0174533068030228,,0.384912247299179,0.274912247299179,VERDE
Banco Inter,C0080996,202003,2020-03-01,2020,1,2020Q1,,6711868138.66,,0.0,0.0,1958922245.96,10822070964.29,,,1958922245.96,1958922245.96,,862330807.63,5143967295.34,705570035.69,,,34330382.12,156343225.32,24480443.88,,,490415984.37,,0.181011772369996,,0.291859465277143,,0.291859465277143,,0.291859465277143,,,0.0228710448576502,,0.291859465277143,0.18185946527714303,VERDE
Banco Inter,C0080996,202006,2020-06-01,2020,2,2020Q2,,7163655877.81,,0.0,0.0,1952749987.41,13021266993.91,,,1952749987.41,1952749987.41,,862330807.63,5749633304.24,551691765.94,,,8950009.0,69818877.7,0.0,,,472922879.24,,0.149966204388812,,0.272591260763767,,0.272591260763767,,0.272591260763767,,,0.0250098353680061,,0.272591260763767,0.162591260763767,VERDE
Banco Inter,C0080996,202009,2020-09-01,2020,3,2020Q3,,8299764800.51,,0.0,0.0,3005966296.54,17171536963.56,,,3005966296.54,3005966296.54,,1102046745.63,6800650402.5,397067652.38,,,34631244.5,36471247.14,0.0,,,325965160.74,,0.175055168498837,,0.362174877094745,,0.362174877094745,,0.362174877094745,,,0.0147959186672166,,0.362174877094745,0.252174877094745,VERDE
Banco Inter,C0080996,202012,2020-12-01,2020,4,2020Q4,,9698369987.02,,0.0,0.0,3086868921.39,20734025747.1,,,3086868921.39,3086868921.39,,1102046745.63,8064315243.63,532007997.76,,,61933876.75,64087946.39,40948.0,,,405945226.62,,0.148879381121717,,0.31828739525522,,0.31828739525522,,0.31828739525522,,,0.0247635339908047,,0.31828739525522,0.20828739525522,VERDE
Banco Inter,C0080996,202103,2021-03-01,2021,1,2021Q1,,11661845759.79,,0.0,0.0,2815602888.09,22993698460.04,,,2815602888.09,2815602888.09,,1140877427.75,9477753991.01,1043214341.03,,,122695405.38,48791884.28,41235.88,,,871685815.49,,0.122451066016332,,0.241437157212127,,0.241437157212127,,0.241437157212127,,,0.0448933150177816,,0.241437157212127,0.131437157212127,VERDE
Banco Inter,C0080996,202106,2021-06-01,2021,2,2021Q2,,13664902022.73,,0.0,0.0,2682250359.14,21435042034.28,,,2682250359.14,2682250359.14,,1140877427.75,11657732832.28,866291762.7,,,112870869.12,6215620.07,102750.75,,,747102522.76,,0.125133897794574,,0.196287566107564,,0.196287566107564,,0.196287566107564,,,0.0630998224022108,,0.196287566107564,0.08628756610756401,VERDE
Banco Inter,C0080996,202109,2021-09-01,2021,3,2021Q3,,15993381634.68,,0.0,0.0,7955022598.63,35197759465.05,,,7955022598.63,7955022598.63,,1431286859.63,14128834100.06,433260674.99,,,88739592.38,5008745.74,127735.0,,,339384601.87,,0.226009346036046,,0.497394658636817,,0.497394658636817,,0.497394658636817,,,0.025488938827769,,0.497394658636817,0.387394658636817,VERDE
Banco Inter,C0080996,202112,2021-12-01,2021,4,2021Q4,,17953262630.8,,0.0,0.0,7955237914.08,38082656004.21,,,7955237914.08,7955237914.08,,1431286859.63,16198394473.36,323581297.81,,,87231560.0,15810674.8,10806397.38,,,209732665.63,,0.208893988728112,,0.44310820142698,,0.44310820142698,,0.44310820142698,,,0.0307080921574489,,0.44310820142698,0.33310820142698,VERDE
Banco Inter,C0080996,202203,2022-03-01,2022,1,2022Q1,,19739307311.75,,0.0,0.0,7042014823.73,39650571754.11,,,7042014823.73,7042014823.73,,1937597403.5,17444892015.04,356817893.21,,,84928325.38,46044064.34,44198.12,,,225801305.37,,0.177601848149896,,0.356750858199476,,0.356750858199476,,0.356750858199476,,,0.0516192193979876,,0.356750858199476,0.246750858199476,VERDE
Banco Inter,C0080996,202206,2022-06-01,2022,2,2022Q2,,21544476433.05,,0.0,0.0,7086143623.32,41256565704.59,,,7086143623.32,7086143623.32,,1937597403.5,19141328769.45,465550260.1,,,86043972.12,44025963.85,45558.12,,,335434766.01,,0.17175796148567,,0.328907673636924,,0.328907673636924,,0.328907673636924,,,0.0537747689569786,,0.328907673636924,0.21890767363692404,VERDE
Banco Inter,C0080996,202209,2022-09-01,2022,3,2022Q3,,24039158420.41,,0.0,0.0,7162092568.62,44319872847.92,,,7162092568.62,7162092568.62,,2506066252.5,20914329004.34,618763163.57,,,10010393.75,76821340.45,44762.25,,,531886667.12,,0.161600025189516,,0.297934413649821,,0.297934413649821,,0.297934413649821,,,0.0570710383234767,,0.297934413649821,0.187934413649821,VERDE
Banco Inter,C0080996,202212,2022-12-01,2022,4,2022Q4,,,24550460716.09,0.0,0.0,5913328817.3,,48004896777.68,,5913328817.3,5913328817.3,,2506066252.5,21563629032.46,,480765431.13,,9482715.25,15119416.75,2462077.75,,,453701221.38,,,0.123181783822717,,0.240864270763949,,0.240864270763949,,0.240864270763949,,,0.0764542060230681,0.240864270763949,0.13086427076394902,VERDE
Banco Inter,C0080996,202303,2023-03-01,2023,1,2023Q1,633624376.71,25344975068.3,,0.0,0.0,5829383889.9,49770073598.14,,,5829383889.9,5829383889.9,,3163982401.5,21964715194.94,216277471.86,,,8839814.5,42703890.61,5151287.5,,,159582479.25,,0.117126286309487,,0.230001563394357,,0.230001563394357,,,,0.230001563394357,0.098387304753374,,0.230001563394357,0.12000156339435701,VERDE
Banco Inter,C0080996,202306,2023-06-01,2023,2,2023Q2,652774076.62,26110963064.74,,0.0,0.0,5959737633.69,47539303066.18,,,5959737633.69,5959737633.69,,3163982401.5,22597088804.46,349891858.78,,,0.0,35862018.91,0.0,,,314029839.87,,0.1253644300463,,0.228246565203793,,0.228246565203793,,,,0.228246565203793,0.0810652110755536,,0.228246565203793,0.118246565203793,VERDE
Banco Inter,C0080996,202309,2023-09-01,2023,3,2023Q3,628062279.29,,25122491171.61,0.0,0.0,5964108685.55,,46413162491.04,,5964108685.55,5964108685.55,,4035634410.13,20745143012.93,,341713748.55,,0.0,166995099.69,0.0,0.0,,174718648.86,0.0,,0.128500372856544,,0.237401165545629,,0.237401165545629,,0.237401165545629,,,0.0896165969099389,0.237401165545629,0.12740116554562902,VERDE
Banco Inter,C0080996,202312,2023-12-01,2023,4,2023Q4,668643357.81,,26745734312.45,0.0,0.0,6138173499.31,,49459655424.82,,6138173499.31,6138173499.31,,4035634410.13,22367940188.66,,342159713.66,,0.0,85425195.78,0.0,0.0,,256734517.88,0.0,,0.124104655533644,,0.229501027251763,,0.229501027251763,,0.229501027251763,,,0.097553341707808,0.229501027251763,0.119501027251763,VERDE
Banco Inter,C0080996,202403,2024-03-01,2024,1,2024Q1,721643803.31,,28865752132.21,0.0,0.0,5852972884.76,,49965205284.37,,5852972884.76,5852972884.76,,4995478851.75,23115890775.98,,754382504.48,,0.0,85248560.85,0.0,0.0,,669133943.63,0.0,,0.117140975433777,,0.202765299790298,,0.202765299790298,,0.202765299790298,,,0.0302434158393096,0.202765299790298,0.092765299790298,VERDE
Banco Inter,C0080996,202406,2024-06-01,2024,2,2024Q2,764054087.88,,30562163515.2,0.0,0.0,5895210812.02,,54729992457.26,,5895210812.02,5895210812.02,,4995478851.75,24972742652.06,,593942011.39,,0.0,172948988.39,0.0,0.0,,420993023.0,0.0,,0.107714445906853,,0.192892457011037,,0.192892457011037,,0.192892457011037,,,0.0435369983049097,0.192892457011037,0.082892457011037,VERDE
Banco Inter,C0080996,202409,2024-09-01,2024,3,2024Q3,817142142.15,,32685685686.0,0.0,0.0,5557930437.27,,55101311148.48,,5557930437.27,5557930437.27,,5939055132.5,25007291648.67,,,1328691417.13,4052119.5,152289457.67,75115303.75,0.0,646687109.84,450547426.37,410647487.7,,0.100867480671979,,0.170041726848355,,0.170041726848355,,0.170041726848355,,,0.0761792668221968,0.170041726848355,0.060041726848355,VERDE
Banco Inter,C0080996,202412,2024-12-01,2024,4,2024Q4,866343503.59,,34653740143.59,0.0,0.0,5262320590.06,,59547176420.71,,5262320590.06,5262320590.06,,5939055132.5,27053372237.53,,,1262296180.72,3004573.75,127866178.19,74085187.25,0.0,612915551.28,444424690.25,399016592.84,,0.0883722941434014,,0.151854332844167,,0.151854332844167,,0.151854332844167,,,0.0844749627682664,0.151854332844167,0.041854332844166994,ATENCAO
Banco Inter,C0080996,202503,2025-03-01,2025,1,2025Q1,934155511.07,,37366220442.78,0.0,0.0,5543088042.46,,77313847955.62,640718569.3,5543088042.46,,5543088042.46,5547874117.17,30173848772.78,,,1249231901.35,25917502.75,177270073.0,7105874.5,0.0,621353104.09,417585347.01,395265651.48,,0.071695927560634,,0.148344894848231,,0.148344894848231,,0.148344894848231,,,0.100221568936772,0.148344894848231,0.03834489484823099,ATENCAO
Banco Inter,C0080996,202506,2025-06-01,2025,2,2025Q2,961835211.32,,38473408452.91,0.0,512653823.3,5521911267.54,,99503595163.24,771195267.96,5521911267.54,,6034565090.84,5547874117.17,31463150729.88,,,1106293473.63,4172416.5,74512496.17,10895571.5,0.0,635132514.46,381580475.0,356090132.23,,0.055494590506816,,0.15685028526199,,0.143525398179852,,0.143525398179852,,,0.0920517862328131,0.15685028526199,0.04685028526198999,ATENCAO
Banco Inter,C0080996,202509,2025-09-01,2025,3,2025Q3,1030265588.9,,41210623556.18,0.0,533862240.0,5496220244.28,,109393673867.26,858260323.3,5496220244.28,,6030082484.28,5996394779.79,33725395272.97,,,1151727003.72,2694894.0,133335681.84,11938769.75,0.0,505180263.39,498577394.74,337106499.7,,0.0502425784780681,,0.146323495349677,,0.1333690143462,,0.1333690143462,,,0.135453258128612,0.146323495349677,0.03632349534967701,ATENCAO
Banco Master,C0080367,201903,2019-03-01,2019,1,2019Q1,,1951105607.5,,0.0,0.0,48090033.89,2661266242.88,,,48090033.89,48090033.89,,137915908.25,1727965418.12,85224281.13,,,72027698.75,11538922.5,0.0,,,1657659.88,,0.0180703580555538,,0.0246475811996763,,0.0246475811996763,,0.0246475811996763,,,0.356875976200315,,0.0246475811996763,-0.0853524188003237,VERMELHO
Banco Master,C0080367,201906,2019-06-01,2019,2,2019Q2,,1868836009.51,,0.0,0.0,53333545.31,2799425289.31,,,53333545.31,53333545.31,,137915908.13,1692248012.76,38672088.62,,,35988337.0,1267840.75,0.0,,,1415910.87,,0.0190516051682685,,0.0285383763147756,,0.0285383763147756,,0.0285383763147756,,,0.296977919205199,,0.0285383763147756,-0.0814616236852244,VERMELHO
Banco Master,C0080367,201909,2019-09-01,2019,3,2019Q3,,2001593200.68,,0.0,0.0,64897471.93,2954801717.22,,,64897471.93,64897471.93,,203202435.13,1751594224.92,46796540.63,,,37266632.25,9471964.5,0.0,,,57943.88,,0.021963393195486,,0.0324229078655705,,0.0324229078655705,,0.0324229078655705,,,0.262516755789442,,0.0324229078655705,-0.07757709213442951,VERMELHO
Banco Master,C0080367,201912,2019-12-01,2019,4,2019Q4,,1989914587.26,,26493757.25,26481459.92,162361223.12,3332041034.14,,,188854980.37,215336440.29,,203202435.13,1744514247.13,42197905.0,,,29234176.5,12951056.75,0.0,,,12671.75,,0.0566784677724545,,0.108213911123947,,0.0949060736471321,,0.0815920563422585,,,0.0826037573856283,,0.108213911123947,-0.0017860888760529992,VERMELHO
Banco Master,C0080367,202003,2020-03-01,2020,1,2020Q1,,2084434469.34,,27445512.0,26996835.39,174936710.77,3847469077.78,,,202382222.77,229379058.16,,282955208.0,1750732216.81,50747044.53,,,32724431.5,18022613.03,0.0,,,0.0,,0.0526013903370408,,0.110043784793402,,0.0970921493320348,,0.0839252628677699,,,0.417506979007643,,0.110043784793402,4.378479340200192e-05,AMARELO
Banco Master,C0080367,202006,2020-06-01,2020,2,2020Q2,,2379149699.19,,25729847.5,26434850.76,198207494.43,4825727490.38,,,223937341.93,250372192.69,,282955207.87,2062277177.7,33917313.62,,,32394858.62,1522455.0,0.0,,,0.0,,0.0464048876312256,,0.105235997875729,,0.0941249480880674,,0.0833102240256178,,,0.385043177895412,,0.105235997875729,-0.0047640021242709996,VERMELHO
Banco Master,C0080367,202009,2020-09-01,2020,3,2020Q3,,2139578682.84,,26477483.75,26827314.02,202566403.7,5470754708.51,,,229043887.45,255871201.47,,306768027.63,1788776687.71,44033967.5,,,37366108.75,6193166.75,0.0,,,474692.0,,0.0418669634545508,,0.11958952644376,,0.10705092983352,,0.0946758375023257,,,0.380122420230257,,0.11958952644376,0.009589526443760002,AMARELO
Banco Master,C0080367,202012,2020-12-01,2020,4,2020Q4,,2533660246.04,,26671338.25,26695790.62,215741381.01,5920560870.94,,,242412719.26,269108509.88,,306768027.63,2186480698.29,40411520.12,,,32394858.62,8016661.5,0.0,,,0.0,,0.0409442153445021,,0.106213337127819,,0.0956768847121,,0.0851500833022874,,,0.314740914130768,,0.106213337127819,-0.003786662872181004,VERMELHO
Banco Master,C0080367,202103,2021-03-01,2021,1,2021Q1,,2739242235.48,,27811096.25,27067984.38,228590941.14,6428154314.71,,,256402037.39,283470021.77,,396698565.75,2281582636.48,60961033.25,,,32394858.62,28566174.63,0.0,,,0.0,,0.0398873494376538,,0.103484831716727,,0.0936032724922812,,0.0834504295309041,,,0.172573104113605,,0.103484831716727,-0.006515168283273004,VERMELHO
Banco Master,C0080367,202106,2021-06-01,2021,2,2021Q2,,3248718462.75,,27834629.75,21627614.38,407325941.58,6913493435.76,,,435160571.33,456788185.71,,396698565.75,2809174080.76,42845816.24,,,32394858.62,10450957.62,0.0,,,0.0,,0.0629436587122705,,0.140605654490397,,0.133948378820626,,0.125380498879919,,,0.193949292126056,,0.140605654490397,0.030605654490396997,ATENCAO
Banco Master,C0080367,202109,2021-09-01,2021,3,2021Q3,,3829093208.83,,28644308.75,22103719.61,413075762.76,8080974324.09,,,441720071.51,463823791.12,,493230933.62,3292456461.74,43405813.47,,,35269546.35,8136267.12,0.0,,,0.0,,0.0546617343150316,,0.121131496629648,,0.115358923750245,,0.107878220829787,,,0.190557434983177,,0.121131496629648,0.011131496629648005,AMARELO
Banco Master,C0080367,202112,2021-12-01,2021,4,2021Q4,,5705416673.12,,29509876.5,22301887.39,539888148.52,10274966834.89,,,569398025.02,591699912.41,,493230933.62,5165452137.05,46733602.45,,,39656614.95,7076987.5,0.0,,,0.0,,0.0554160450510199,,0.103708448709396,,0.0997995514863291,,0.0946272953320976,,,0.160700499637919,,0.103708448709396,-0.0062915512906040055,VERMELHO
Banco Master,C0080367,202203,2022-03-01,2022,1,2022Q1,,6172458698.43,,16013827.44,0.0,678095473.02,12135776876.57,,,694109300.46,694109300.46,,796684360.13,5296203050.85,79571287.45,,,68993668.45,10577602.25,0.0,,,16.75,,0.0571952918646754,,0.1124526439742,,0.1124526439742,,0.109858243878161,,,0.205205613273883,,0.1124526439742,0.002452643974200003,AMARELO
Banco Master,C0080367,202206,2022-06-01,2022,2,2022Q2,,6013993019.65,,16176075.89,0.0,689004726.27,14217243836.53,,,705180802.16,705180802.16,,796684360.13,5077699712.99,139608946.53,,,123216670.9,16392275.63,0.0,,,0.0,,0.0496003874075858,,0.117256671209279,,0.117256671209279,,0.114566931491068,,,0.172531851586616,,0.117256671209279,0.007256671209279003,AMARELO
Banco Master,C0080367,202212,2022-12-01,2022,4,2022Q4,,,9639324210.82,16236855.16,0.0,1171673658.97,,20525494733.24,,1187910514.13,1187910514.13,,1038540548.38,7344368009.62,,1256415652.82,,1223359062.82,33056590.0,0.0,,,0.0,,,0.0578748785141943,,0.123235870912671,,0.123235870912671,,0.121551431754398,,,0.29344235954111,0.123235870912671,0.013235870912671005,AMARELO
Banco Master,C0080367,202303,2023-03-01,2023,1,2023Q1,272360660.16,10894426406.5,,16897831.73,0.0,1242926429.6,23532816078.94,,,1259824261.33,1259824261.33,,1331839554.25,8035048609.63,1527538242.62,,,1413419425.0,114118817.62,0.0,,,0.0,,0.0535347855141503,,0.115639338348125,,0.115639338348125,,,,0.114088285442768,0.316523881472979,,0.115639338348125,0.005639338348124995,AMARELO
Banco Master,C0080367,202306,2023-06-01,2023,2,2023Q2,377223484.09,15088939363.46,,16784838.07,0.0,1841794239.26,27697679910.98,,,1858579077.33,1858579077.33,,1331839554.25,10945465731.24,2811634077.97,,,2686625728.12,68565017.98,0.0,,,56443331.87,,0.067102337932399,,0.12317493181998,,0.12317493181998,,,,0.122062538319967,0.215450168074232,,0.12317493181998,0.013174931819980001,AMARELO
Banco Master,C0080367,202309,2023-09-01,2023,3,2023Q3,396716013.52,,15868640540.86,17182655.12,0.0,1823431403.18,,31843770320.25,,1840614058.3,1840614058.3,,1965661794.38,12410525296.39,,1492453450.09,,856796775.25,378036178.62,0.0,153979094.59,,103641401.63,0.0,,0.0578013859473645,,0.115990658025218,,0.115990658025218,,0.114907852281666,,,0.255469032032874,0.115990658025218,0.005990658025218004,AMARELO
Banco Master,C0080367,202312,2023-12-01,2023,4,2023Q4,457165515.02,,18286620600.81,16975822.37,0.0,2090446110.62,,36508432926.92,,2107421932.99,2107421932.99,,1965661794.38,14694276269.72,,1626682536.71,,1310026616.38,27166611.0,0.0,210414567.2,,79074742.13,0.0,,0.0577242506466516,,0.115243924998184,,0.115243924998184,,0.114315605723641,,,0.201490503924643,0.115243924998184,0.005243924998184005,AMARELO
Banco Master,C0080367,202403,2024-03-01,2024,1,2024Q1,515085649.8,,20603425991.82,17602502.93,0.0,2149625292.28,,41577576294.54,,2167227795.21,2167227795.21,,2487925169.25,16650263925.82,,1465236896.75,,928871943.38,216135203.12,0.0,239920025.37,,80309724.88,0.0,,0.0521249189673089,,0.105187738974598,,0.105187738974598,,0.104333390628017,,,0.222578154094438,0.105187738974598,-0.004812261025401998,VERMELHO
Banco Master,C0080367,202406,2024-06-01,2024,2,2024Q2,831767390.29,,33270695611.72,17456911.12,250098165.35,3629048773.35,,55845344614.13,,3646505684.47,3896603849.82,,2595114996.5,29089063508.13,,1586517107.09,,940357344.65,213517908.12,30810442.04,318844700.95,,82986711.33,0.0,,0.0652965025046575,,0.117118196003313,,0.109601125477685,,0.109076432176297,,,0.124601361049938,0.117118196003313,0.007118196003312996,AMARELO
Banco Master,C0080367,202409,2024-09-01,2024,3,2024Q3,1158942607.26,,46357704290.41,17918981.21,467266673.5,4397560907.48,,76083188575.96,,4415479888.69,4882746562.19,,3884965327.88,39325159090.41,,,2914718676.37,1713355339.62,273389704.88,6811480.5,321014907.69,555758611.3,44388632.38,232861195.75,,0.0580348953735248,,0.105327617856178,,0.0952480274050893,,0.0948614901189083,,,0.112271684548404,0.105327617856178,-0.004672382143821999,VERMELHO
Banco Master,C0080367,202412,2024-12-01,2024,4,2024Q4,1198021489.23,,47920859569.07,17811185.6,944517115.58,4557092347.85,,80965517272.28,,4574903533.450001,5519420649.030001,,3884965327.88,41773986187.9,,,1992666095.98,1526414578.37,154048955.62,2940340.75,104560545.33,161787050.91,42914625.0,269241957.31,,0.0565043451530729,,0.1151778306704759,,0.0954678938272389,,0.0950962146511939,,,0.0906799789644515,0.1151778306704759,0.005177830670475905,AMARELO
Banco Master,C0080367,202503,2025-03-01,2025,1,2025Q1,1264837400.79,,50593496031.76,73230963.42,970283182.54,4285960686.92,,85302217366.32,636986065.21,4359191650.34,,5329474832.88,5935069939.74,42878042065.45,,,1489611241.02,979050944.25,40734949.0,0.0,36763929.34,411271866.18,21789552.25,290772785.55,,0.0511029113301942,,0.10533912955006,,0.0861611074989466,,0.0847136692081823,,,0.104750720655588,0.10533912955006,-0.0046608704499399994,VERMELHO
Banco Original,C0080903,201903,2019-03-01,2019,1,2019Q1,,9150151729.02,,0.0,0.0,1193248074.26,11083421174.55,,,1193248074.26,1193248074.26,,977907931.34,6855495827.58,1316747970.1,,,1070190281.25,47248663.1,0.0,,,199309025.75,,0.107660627117551,,0.130407463132614,,0.130407463132614,,0.130407463132614,,,0.0545081006733122,,0.130407463132614,0.020407463132614004,ATENCAO
Banco Original,C0080903,201906,2019-06-01,2019,2,2019Q2,,9922918721.27,,0.0,0.0,1361778353.14,12125681429.7,,,1361778353.14,1361778353.14,,977907931.34,7340375547.7,1604635242.23,,,1455625436.5,38420387.1,2784389.75,,,107805028.88,,0.112305305152132,,0.137235665371419,,0.137235665371419,,0.137235665371419,,,0.0456277267785385,,0.137235665371419,0.027235665371419013,ATENCAO
Banco Original,C0080903,201909,2019-09-01,2019,3,2019Q3,,10975702955.68,,0.0,0.0,1497004541.51,12803459705.51,,,1497004541.51,1497004541.51,,1209869997.75,8528979482.8,1236853475.13,,,961166396.5,1304679.0,3818770.0,,,270563629.63,,0.116921877050604,,0.136392588935298,,0.136392588935298,,0.136392588935298,,,0.0418367675203086,,0.136392588935298,0.026392588935297986,ATENCAO
Banco Original,C0080903,201912,2019-12-01,2019,4,2019Q4,,10376218076.38,,0.0,0.0,1375393475.72,13073789248.25,,,1375393475.72,1375393475.72,,1209869997.75,8570044899.98,596303178.65,,,383770820.5,15898704.9,22761901.5,,,173871751.75,,0.105202359438684,,0.132552483534525,,0.132552483534525,,0.132552483534525,,,0.0966822053597345,,0.132552483534525,0.022552483534525006,ATENCAO
Banco Original,C0080903,202003,2020-03-01,2020,1,2020Q1,,11159295226.05,,0.0,0.0,1243434991.31,13432160050.1,,,1243434991.31,1243434991.31,,1451564297.67,9570155287.74,137575640.64,,,24335315.13,21288573.75,11405445.5,,,80546306.26,,0.0925714841598201,,0.111425942778837,,0.111425942778837,,0.111425942778837,,,0.128496216856235,,0.111425942778837,0.0014259427788369944,AMARELO
Banco Original,C0080903,202006,2020-06-01,2020,2,2020Q2,,10854741437.0,,0.0,0.0,1086109386.7,14806739721.58,,,1086109386.7,1086109386.7,,1451564297.67,9297555565.27,105621574.06,,,25221544.25,18071030.05,5741927.38,,,56587072.38,,0.0733523656877048,,0.100058522167818,,0.100058522167818,,0.100058522167818,,,0.168201561092355,,0.100058522167818,-0.009941477832181994,VERMELHO
Banco Original,C0080903,202009,2020-09-01,2020,3,2020Q3,,10182105777.19,,0.0,0.0,1040196987.42,15043887593.27,,,1040196987.42,1040196987.42,,1461221304.55,8636108154.57,84776318.07,,,24649140.25,7757926.94,4194963.25,,,48174287.63,,0.0691441611066903,,0.10215931853215,,0.10215931853215,,0.10215931853215,,,0.142210101787453,,0.10215931853215,-0.007840681467849997,VERMELHO
Banco Original,C0080903,202012,2020-12-01,2020,4,2020Q4,,10203293724.52,,0.0,0.0,1030622172.33,16037216076.33,,,1030622172.33,1030622172.33,,1461221304.54,8653763688.71,88308731.27,,,28214739.25,10149311.64,0.0,,,49944680.38,,0.0642644064546301,,0.101008772280393,,0.101008772280393,,0.101008772280393,,,0.143330590740193,,0.101008772280393,-0.008991227719607003,VERMELHO
Banco Original,C0080903,202103,2021-03-01,2021,1,2021Q1,,11932609702.3,,0.0,0.0,1262261787.62,18542010953.52,,,1262261787.62,1262261787.62,,1671707327.01,9985906163.43,274996211.86,,,36109142.25,5006690.48,0.0,,,233880379.13,,0.068075776181136,,0.105782542051694,,0.105782542051694,,0.105782542051694,,,0.117005749891608,,0.105782542051694,-0.004217457948305997,VERMELHO
Banco Original,C0080903,202106,2021-06-01,2021,2,2021Q2,,12677672409.04,,0.0,0.0,1248135668.14,21067359608.99,,,1248135668.14,1248135668.14,,1671707327.01,10869214263.22,136750818.81,,,80723.5,28424392.68,0.0,,,108245702.63,,0.0592449975367292,,0.0984514844578251,,0.0984514844578251,,0.0984514844578251,,,0.118120233523735,,0.0984514844578251,-0.011548515542174898,VERMELHO
Banco Original,C0080903,202109,2021-09-01,2021,3,2021Q3,,14217773906.66,,0.0,0.0,1482991331.38,24737167398.16,,,1482991331.38,1482991331.38,,2075260876.76,12073899546.75,68613483.15,,,0.0,4629094.77,0.0,,,63984388.38,,0.0599499250464024,,0.104305451832043,,0.104305451832043,,0.104305451832043,,,0.0956238994924124,,0.104305451832043,-0.005694548167957003,VERMELHO
Banco Original,C0080903,202112,2021-12-01,2021,4,2021Q4,,15577647405.51,,0.0,0.0,1727749783.06,28411249618.24,,,1727749783.06,1727749783.06,,2075260876.76,13462309618.79,40076909.96,,,0.0,13068563.7,0.0,,,27008346.26,,0.0608121714558724,,0.110912112598522,,0.110912112598522,,0.110912112598522,,,0.113722244816035,,0.110912112598522,0.0009121125985220024,AMARELO
Banco Original,C0080903,202203,2022-03-01,2022,1,2022Q1,,18153453947.57,,0.0,511848759.0,1663216024.6,32216428702.07,,,1663216024.6,2175064783.6,,3124854778.44,14954957212.56,73641956.57,,,760151.88,13927314.06,0.0,,,58954490.63,,0.0516263313969724,,0.1198154791855,,0.0916198112713772,,0.0916198112713772,,,0.0858790972335248,,0.1198154791855,0.009815479185500006,AMARELO
Banco Original,C0080903,202206,2022-06-01,2022,2,2022Q2,,19003020167.01,,0.0,746102020.0,1616692885.11,34454162761.0,,,1616692885.11,2362794905.11,,3124854778.44,15811134943.64,67030444.93,,,2245702.5,4452734.68,0.0,,,60332007.75,,0.0469230059753475,,0.124337862315797,,0.0850755759295906,,0.0850755759295906,,,0.0761141626727976,,0.124337862315797,0.014337862315796993,AMARELO
Banco Original,C0080903,202209,2022-09-01,2022,3,2022Q3,,20008205972.2,,0.0,776549372.0,1905050383.46,34756281690.96,,,1905050383.46,2681599755.46,,4333630548.3,15573376169.55,101199254.35,,,307505.88,4740777.84,0.0,,,96150970.63,,0.054811685565188,,0.134024997502819,,0.0952134532254883,,0.0952134532254883,,,0.0683532201615067,,0.134024997502819,0.024024997502818987,ATENCAO
Banco Original,C0080903,202212,2022-12-01,2022,4,2022Q4,,,19748610184.03,0.0,806913797.0,1728854651.93,,36885571333.29,,1728854651.93,2535768448.93,,4333630548.3,15365055149.18,,49924486.55,,0.0,12163923.79,0.0,,,37760562.76,,,0.0468707570314811,,0.128402374916519,,0.0875431048473509,,0.0875431048473509,,,0.0694720381367372,0.128402374916519,0.018402374916519013,AMARELO
Banco Original,C0080903,202303,2023-03-01,2023,1,2023Q1,519494055.09,20779762203.41,,0.0,838638019.0,1818001475.05,35106426301.84,,,1818001475.05,2656639494.05,,5344229631.88,15356599425.47,78933146.06,,,5236892.13,29439720.42,0.0,,,44256533.51,,0.0517854326560922,,0.127847444453144,,0.087489041368898,,,,0.087489041368898,0.0636207086315412,,0.127847444453144,0.017847444453144,AMARELO
Banco Original,C0080903,202306,2023-06-01,2023,2,2023Q2,565508601.01,22620344040.47,,0.0,870716427.0,2183046220.06,37314769836.11,,,2183046220.06,3053762647.06,,5344229631.88,17068482202.87,207632205.72,,,0.0,84415649.46,0.0,,,123216556.26,,0.0585035424216241,,0.135000716240059,,0.0965080909536264,,,,0.0965080909536264,0.0550868600681704,,0.135000716240059,0.025000716240058993,ATENCAO
Banco Original,C0080903,202309,2023-09-01,2023,3,2023Q3,0.0,,25033726740.57,0.0,905878139.0,2610519111.44,,32840501283.9,,2610519111.44,3516397250.44,,6212461749.29,17976443027.26,,122312930.62,,0.0,12325821.36,0.0,19320073.85,,90667035.41,722509033.4,,0.0794908423861302,,0.140466391076375,,0.104280083364869,,0.104280083364869,,,,0.140466391076375,0.030466391076375013,ATENCAO
Banco Original,C0080903,202312,2023-12-01,2023,4,2023Q4,0.0,,26746024721.29,0.0,940625223.0,2194337662.85,,34556658525.5,,2194337662.85,3134962885.85,,6212461749.29,19641630367.13,,191444115.45,,0.0,77353593.08,0.0,15558420.3,,98532102.07,700488489.42,,0.0634997061776316,,0.117212292986275,,0.08204350686565,,0.08204350686565,,,,0.117212292986275,0.007212292986275001,AMARELO
Banco Original,C0080903,202403,2024-03-01,2024,1,2024Q1,666281993.35,,26651279733.94,0.0,976755520.0,1694440114.22,,31801089084.13,,1694440114.22,2671195634.22,,5789516561.16,20294906725.41,,99366442.7,,0.0,2805884.98,0.0,12025459.72,,84535098.0,467490004.67,,0.0532824555076509,,0.100227668648056,,0.063578189532946,,0.063578189532946,,,,0.100227668648056,-0.009772331351943997,VERMELHO
Banco Original,C0080903,202406,2024-06-01,2024,2,2024Q2,733742493.08,,29349699723.07,0.0,1014897790.0,1821035076.95,,37817362879.98,,1821035076.95,2835932866.95,,5789516561.16,22978887443.13,,134647546.15,,0.0,12212444.48,0.0,25823711.41,,96611390.26,446648172.63,,0.0481534125668512,,0.0966256177646971,,0.0620461229291077,,0.0620461229291077,,,,0.0966256177646971,-0.013374382235302906,VERMELHO
Banco Original,C0080903,202409,2024-09-01,2024,3,2024Q3,801318026.18,,32052721047.23,0.0,1056966552.0,2042683745.94,,42468540099.94,,2042683745.94,3099650297.94,,6417337481.23,25040997063.36,,,223917419.08,0.0,13713688.05,0.0,30700767.28,0.0,179502963.75,370469083.56,,0.0480987512434619,,0.0967047475742429,,0.0637288716589798,,0.0637288716589798,,,,0.0967047475742429,-0.013295252425757104,VERMELHO
Banco Original,C0080903,202412,2024-12-01,2024,4,2024Q4,516280439.44,,20651217577.4,572436757.02,836930731.7,1476065209.5,,28027618944.68,,2048501966.52,2885432698.22,,4174478031.54,16291559003.58,,,185180542.28,0.0,22045103.67,0.0,54824287.6,0.0,108311151.01,0.0,,0.073088690500726,,0.139722158628444,,0.0991952149476073,,0.0714759410174128,,,0.0552081808452058,0.139722158628444,0.029722158628444004,ATENCAO
Banco Original,C0080903,202503,2025-03-01,2025,1,2025Q1,480903295.7,,19236131827.81,596538514.1,868874384.6,1495565909.08,,30328827691.9,86328283.02,2092104423.18,,2960978807.78,2026401360.08,17016307332.2,,,193423135.53,0.0,42391638.22,0.0,43637573.55,0.0,107393923.76,0.0,,0.0689807217223481,,0.153927974412156,,0.108759101980961,,0.0777477469206067,,,0.0533092625132115,0.153927974412156,0.043927974412156,ATENCAO
Banco Original,C0080903,202506,2025-06-01,2025,2,2025Q2,519346508.84,,20773860353.68,621939986.43,902037375.9,1604947811.87,,33073450370.19,61972786.36,2226887798.3,,3128925174.2,2026401360.08,18487971051.61,,,259487941.99,0.0,48731512.58,0.0,41392539.15,0.0,169363890.26,0.0,,0.0673315838950736,,0.150618379103801,,0.107196628858897,,0.0772580437408057,,,0.0629134159241538,0.150618379103801,0.04061837910380099,ATENCAO
Banco Original,C0080903,202509,2025-09-01,2025,3,2025Q3,530657989.3,,21226319572.06,648720299.72,939346163.5,1616235586.09,,35569358538.29,86595758.49,2264955885.81,,3204302049.31,1786005842.95,19201126355.56,,,239187373.55,0.0,27829412.07,0.0,40369966.23,0.0,170987995.25,0.0,,0.0636771642471933,,0.150958909217959,,0.106705068588119,,0.0761429969337424,,,0.0539023780255649,0.150958909217959,0.040958909217958986,ATENCAO
Banco Pine,C0080374,201903,2019-03-01,2019,1,2019Q1,,5761114346.08,,0.0,82893368.62,626722195.98,9823712283.13,,,626722195.98,709615564.6,,363765820.63,5069606025.45,327742500.0,,,0.0,2380000.0,0.0,,,325362500.0,,0.0637968802339879,,0.123173317169592,,0.108784890965831,,0.108784890965831,,,0.199879367724906,,0.123173317169592,0.013173317169591997,AMARELO
Banco Pine,C0080374,201906,2019-06-01,2019,2,2019Q2,,5739881535.22,,0.0,95410287.25,600486334.66,10651146308.81,,,600486334.66,695896621.91,,363765820.63,5007900714.59,368215000.0,,,2000000.0,1590000.0,0.0,,,364625000.0,,0.0563776252104727,,0.121238847464006,,0.104616503141294,,0.104616503141294,,,0.218066136064138,,0.121238847464006,0.011238847464005997,AMARELO
Banco Pine,C0080374,201909,2019-09-01,2019,3,2019Q3,,5426495748.09,,0.0,97731375.46,570611412.01,10094088492.67,,,570611412.01,668342787.47,,74773682.63,5034107065.46,317615000.0,,,2100000.0,3990000.0,0.0,,,311525000.0,,0.0565292658593552,,0.123162869464192,,0.105152834996847,,0.105152834996847,,,0.227774316943359,,0.123162869464192,0.013162869464191998,AMARELO
Banco Pine,C0080374,201912,2019-12-01,2019,4,2019Q4,,5479806847.12,,0.0,81629374.31,594041135.77,10052570045.07,,,594041135.77,675670510.08,,74773682.63,5087465664.49,317567500.0,,,2875000.0,6755000.0,6712500.0,,,301225000.0,,0.05909345899672,,0.123301884341984,,0.1084054880661,,0.1084054880661,,,0.229068416411535,,0.123301884341984,0.013301884341983997,AMARELO
Banco Pine,C0080374,202003,2020-03-01,2020,1,2020Q1,,5764382624.55,,0.0,76072014.97,549429554.98,11083499457.21,,,549429554.98,625501569.95,,44013602.38,5345646522.17,374722500.0,,,2125000.0,8010000.0,1662500.0,,,362925000.0,,0.049571848413146,,0.108511459195308,,0.0953145533122711,,0.0953145533122711,,,0.217424737368559,,0.108511459195308,-0.001488540804692004,VERMELHO
Banco Pine,C0080374,202006,2020-06-01,2020,2,2020Q2,,5454376201.94,,0.0,76396538.36,538780076.67,11633941879.84,,,538780076.67,615176615.03,,44013602.38,5092016566.73,318346032.83,,,2600000.0,2458532.83,1187500.0,,,312100000.0,,0.0463110510809437,,0.112785879127882,,0.0987794124795367,,0.0987794124795367,,,0.2177631469354,,0.112785879127882,0.0027858791278820016,AMARELO
Banco Pine,C0080374,202009,2020-09-01,2020,3,2020Q3,,5951087195.31,,0.0,76819941.12,705465083.19,12359407737.1,,,705465083.19,782285024.31,,53450004.5,5590872149.2,306765041.61,,,550000.0,8015041.61,1875000.0,,,296325000.0,,0.0570791981457462,,0.131452455431423,,0.118543899633326,,0.118543899633326,,,0.159479476601308,,0.131452455431423,0.021452455431423004,ATENCAO
Banco Pine,C0080374,202012,2020-12-01,2020,4,2020Q4,,6163654969.64,,0.0,60347139.58,658695783.13,13829584968.55,,,658695783.13,719042922.71,,53450004.5,5861710496.77,248494468.37,,,725000.0,3619468.37,29250000.0,,,214900000.0,,0.0476294686086348,,0.116658529111664,,0.10686772481174,,0.10686772481174,,,0.173476702892615,,0.116658529111664,0.006658529111663994,AMARELO
Banco Pine,C0080374,202103,2021-03-01,2021,1,2021Q1,,6806772278.36,,0.0,72738077.1,601783013.16,14699424613.82,,,601783013.16,674521090.26,,197172798.13,6277879205.83,331720274.4,,,725000.0,1295274.4,2000000.0,,,327700000.0,,0.040939222382502,,0.0990955863771774,,0.0884094529022486,,0.0884094529022486,,,0.184152991172033,,0.0990955863771774,-0.0109044136228226,VERMELHO
Banco Pine,C0080374,202106,2021-06-01,2021,2,2021Q2,,6774899425.68,,0.0,107446934.15,625400127.54,14993154650.64,,,625400127.54,732847061.69,,197172798.13,6177201860.61,400524766.94,,,750000.0,15512266.94,2337500.0,,,381925000.0,,0.0417123775558004,,0.108170913786878,,0.0923113522791858,,0.0923113522791858,,,0.198307758913381,,0.108170913786878,-0.0018290862131219998,VERMELHO
Banco Pine,C0080374,202109,2021-09-01,2021,3,2021Q3,,7012554786.64,,0.0,110976920.08,628113175.15,15412422448.06,,,628113175.15,739090095.23,,341395560.75,6290393685.54,380765540.35,,,725000.0,1628040.35,24975000.0,,,353437500.0,,0.0407536957455421,,0.105395268588572,,0.0895698064771847,,0.0895698064771847,,,0.196501654855494,,0.105395268588572,-0.004604731411428004,VERMELHO
Banco Pine,C0080374,202112,2021-12-01,2021,4,2021Q4,,6798472346.45,,0.0,105769067.8,649710277.25,15797250812.4,,,649710277.25,755479345.05,,341395560.75,6283772658.86,173304126.84,,,625000.0,3479126.84,1412500.0,,,167787500.0,,0.041128059873558,,0.111124868433788,,0.0955670986275708,,0.0955670986275708,,,0.191237341280903,,0.111124868433788,0.0011248684337879927,AMARELO
Banco Pine,C0080374,202203,2022-03-01,2022,1,2022Q1,,6809268790.03,,0.0,103003114.72,652661585.17,15689320076.15,,,652661585.17,755664699.89,,479854281.38,6213349344.03,116065164.62,,,650000.0,2640164.62,87500.0,,,112687500.0,,0.041599099387496,,0.110975895238036,,0.0958489971971167,,0.0958489971971167,,,0.192071095091683,,0.110975895238036,0.0009758952380359981,AMARELO
Banco Pine,C0080374,202206,2022-06-01,2022,2,2022Q2,,6692938002.63,,0.0,96802331.82,697406874.37,15220939505.78,,,697406874.37,794209206.19,,479854281.38,6007828154.05,205255567.2,,,642199.5,12159900.32,1502499.25,,,190950968.13,,0.0458189111194593,,0.118663762592439,,0.104200408564363,,0.104200408564363,,,0.183780997427876,,0.118663762592439,0.008663762592439006,AMARELO
Banco Pine,C0080374,202209,2022-09-01,2022,3,2022Q3,,7230337531.85,,0.0,136492572.44,716920696.91,15616916221.4,,,716920696.91,853413269.35,,631591796.25,6436784556.14,161961179.46,,,615242.0,22674158.58,3039837.0,,,135631941.88,,0.0459066749636268,,0.118032286264738,,0.099154526846351,,0.099154526846351,,,0.176806315297774,,0.118032286264738,0.008032286264737995,AMARELO
Banco Pine,C0080374,202212,2022-12-01,2022,4,2022Q4,,,7521524300.93,0.0,164367760.4,692461821.9,,16880878733.5,,692461821.9,856829582.3,,631591796.25,6678565254.52,,211367250.16,,518716.5,6974711.88,4527029.0,,,199346792.78,,,0.0410204843498943,,0.113917013097207,,0.0920640277416082,,0.0920640277416082,,,0.151176071281637,0.113917013097207,0.003917013097207003,AMARELO
Banco Pine,C0080374,202303,2023-03-01,2023,1,2023Q1,205844305.9,8233772235.86,,0.0,156501588.77,759141895.15,18393356176.04,,,759141895.15,915643483.92,,784792566.25,7160286475.34,288693194.27,,,700000.0,64193194.27,31425000.0,,,192375000.0,,0.0412726143007491,,0.111205831020217,,0.09219855412611,,,,0.09219855412611,0.14301138724801,,0.111205831020217,0.0012058310202169992,AMARELO
Banco Pine,C0080374,202306,2023-06-01,2023,2,2023Q2,202512765.62,8100510624.67,,0.0,149457544.0,797113343.73,18195166001.2,,,797113343.73,946570887.73,,784792566.25,7250299278.59,65418779.83,,,750000.0,17031279.83,5825000.0,,,41812500.0,,0.0438090723479758,,0.116853236985732,,0.0984028514575861,,,,0.0984028514575861,0.168988820978432,,0.116853236985732,0.006853236985731995,AMARELO
Banco Pine,C0080374,202309,2023-09-01,2023,3,2023Q3,215271792.06,,8610871682.23,0.0,179816405.18,807467992.35,,20279126728.31,,807467992.35,987284397.53,,976912701.63,7471503608.19,,162455372.41,,600000.0,7680372.41,2637500.0,0.0,,151537500.0,0.0,,0.0398176905331313,,0.11465556960597,,0.0937730838582054,,0.0937730838582054,,,0.150939106941039,0.11465556960597,0.004655569605969995,AMARELO
Banco Pine,C0080374,202312,2023-12-01,2023,4,2023Q4,226612028.62,,9064481144.65,0.0,279331491.39,845133771.34,,21368812965.0,,845133771.34,1124465262.73,,976912701.63,7817612826.31,,269955616.71,,450000.0,14074738.78,2025000.0,30613180.43,,222792697.5,0.0,,0.0395498698371428,,0.124051806693169,,0.0932357581039055,,0.0932357581039055,,,0.133779984287625,0.124051806693169,0.014051806693168994,AMARELO
Banco Pine,C0080374,202403,2024-03-01,2024,1,2024Q1,253798157.3,,10151926292.13,0.0,439709283.26,950197155.05,,23974044509.53,,950197155.05,1389906438.31,,1081773487.0,8858351977.66,,211800827.47,,412687.0,3900779.97,16227739.13,36639250.12,,154620371.25,0.0,,0.0396344119021004,,0.136910611672534,,0.0935977200491117,,0.0935977200491117,,,0.155785383635806,0.136910611672534,0.026910611672533988,ATENCAO
Banco Pine,C0080374,202406,2024-06-01,2024,2,2024Q2,262887600.49,,10515504019.8,0.0,439184636.31,990319209.6,,24463347456.11,,990319209.6,1429503845.91,,1081773487.0,9219256270.63,,214474262.17,,401787.5,16180857.62,67325791.13,28338515.16,,102227310.76,0.0,,0.040481753830981,,0.13594249436055,,0.0941770558724807,,0.0941770558724807,,,0.158074159210221,0.13594249436055,0.025942494360550003,ATENCAO
Banco Pine,C0080374,202409,2024-09-01,2024,3,2024Q3,280305535.44,,11212221417.62,51458871.36,464724148.05,1046781403.96,,24973346003.01,,1098240275.32,1562964423.37,,1328091781.63,9700440089.97,,,183689546.02,432200.0,8762923.84,40857621.63,41063184.17,0.0,92573616.38,0.0,,0.0439764969895356,,0.139398283814999,,0.0979502842847998,,0.0933607502894104,,,0.172283692196527,0.139398283814999,0.029398283814998996,ATENCAO
Banco Pine,C0080374,202412,2024-12-01,2024,4,2024Q4,293560661.49,,11742426459.52,105194641.52,466948192.78,1134972322.8,,32531681388.13,,1240166964.32,1707115157.1,,1328091781.63,10131208600.05,,,283126077.84,325477.5,22207898.22,33065726.5,26043397.37,0.0,201483578.25,0.0,,0.0381218219102719,,0.145380102058547,,0.105614198955834,,0.0966556892404327,,,0.167569252472663,0.145380102058547,0.03538010205854701,ATENCAO
Banco Pine,C0080374,202503,2025-03-01,2025,1,2025Q1,321489059.09,,12859562363.54,105494076.6,469027200.37,1214626040.69,,27974786042.46,75209189.02,1320120117.29,,1789147317.66,1478694288.47,10388596235.89,,,992271839.18,409447.63,102330217.39,5915.75,49103044.49,681903401.54,158519812.38,0.0,,0.0471896412464541,,0.139129720520869,,0.102656690793216,,0.0944531397222165,,,0.164879638662633,0.139129720520869,0.029129720520869,ATENCAO
Banco Pine,C0080374,202506,2025-06-01,2025,2,2025Q2,334020927.0,,13360837079.91,105922313.82,525037676.63,1250913912.26,,30278579197.04,20626782.79,1356836226.08,,1881873902.71,1478694288.47,11196805287.17,,,685337504.27,438116.25,33168663.73,5821.5,38501557.13,425795699.65,187427646.01,0.0,,0.0448117534594438,,0.14085000000035,,0.1015532348733,,0.0936254146935849,,,0.152255229507626,0.14085000000035,0.03085000000035,ATENCAO
Banco Pine,C0080374,202509,2025-09-01,2025,3,2025Q3,363078715.73,,14523148629.1,106481944.86,521155404.72,1356139339.18,,30852305282.63,140140272.97,1462621284.04,,1983776688.76,1457809548.29,12269933499.81,,,795405581.0,14432674.25,40098164.98,5922.88,79606273.0,486426295.64,174836250.25,0.0,,0.0474071960147323,,0.136594118770162,,0.100709654730748,,0.0933777773548848,,,0.0817342833186282,0.136594118770162,0.026594118770162004,ATENCAO
